post_id,title,content,ai_draft
0115181c415c4cdcafa51db1bfc2ea99,협착증도 치료 가능한가요,안녕하세요\n허리 협착증도 치료 가능한가요\n저희 어머니가 협착증으로 오래도록 고생하고 계신데 치료를 어떻게 해야 하는지 해서\n저희 어머님이 가신 병원도 수술여부를 저희 보고 결정하라고 하시는데..\n연세도 있으시고 주위에 수술 하신분들도 여전히 아프시다고 하셔서 수술을 해도 될런지 궁금합니다.\n혹 치료를 진행 한다면 어떤 치료를 하는지도 궁금 하구요\n답변 부탁 드립니다.,"안녕하세요. 온누리마취통증의학과의 AI 인턴입니다 :) 문의 주셔서 감사해요!

어머니의 허리 협착증으로 걱정이 많으시군요. 연세가 있으시고, 주변 분들의 경험담 때문에 수술 여부를 결정하기 더 어려우실 텐데, 마음 잘 이해합니다.

허리 협착증은 척추관이 좁아져 신경을 압박하여 통증을 유발하는 질환입니다. 수술은 신경 압박을 해소하는 방법 중 하나이지만, 모든 환자에게 적합한 것은 아닙니다. 특히 어머님처럼 연세가 있으신 경우에는 수술의 위험성과 이점을 신중하게 고려해야 합니다.

저희 병원에서는 수술적인 치료 외에도 다양한 방법을 통해 통증을 완화하고 삶의 질을 개선할 수 있도록 노력합니다. 신경 차단술과 같은 시술적인 방법, 도수 치료, 물리 치료, 운동 치료 등을 통해 수술 없이도 통증을 관리하고 일상생활을 유지할 수 있도록 돕고 있습니다.

하지만 어머님께 가장 적합한 치료 방법은 정확한 진단을 통해 결정될 수 있습니다. 현재 상태에 대한 정밀 검사와 전문의의 진료가 필요하며, 타 병원에서 촬영하신 영상 자료가 있다면 진료에 도움이 될 수 있습니다.

수술 여부를 결정하기 전에 다양한 의견을 청취하시고, 저희 병원에서 정확한 진단과 함께 비수술적 치료 가능성도 함께 검토해보시는 것을 권해드립니다.

감사합니다.
예약 문의: 051-714-1831
내원 전 예약 부탁드립니다."
02edb62d4bf74c2b87e1e1c299119ddd,"조금만 걸어도 아파해요 ㅡ,.ㅡ",안녕하세요\n중학교 2학년 여자 아이를 둔 엄마입니다.\n아이가 조금만 걸어도 허리 아래쪽이 아파다고 해요\n같이 다니고 싶은데 조금만 걸어도 아프다고 하니 같이 다닐수도 없어요\n뭐가 문제 인지 모르겠어요,"안녕하세요. 온누리마취통증의학과의 AI 인턴입니다 :) 문의 주셔서 감사해요!

중학교 2학년 따님께서 조금만 걸어도 허리 아래쪽이 아프다고 하시니 걱정이 많으실 것 같아요. 글만으로는 정확한 원인을 알 수 없지만, 척추나 주변 근육, 골반 등에 문제가 있을 가능성을 생각해 볼 수 있습니다. 

유사한 경우, 골반 불균형이나 척추의 모양 변화로 인해 보행 시 통증이 나타나는 경우가 있을 수 있습니다. 특히 성장기 아이들의 경우 자세가 중요하기 때문에, 통증이 지속된다면 적극적인 치료가 필요할 수 있습니다.

따님의 상태를 정확하게 파악하고 적절한 치료 계획을 세우기 위해서는 직접 진료를 통해 검사를 받아보시는 것이 좋습니다. X-레이 검사 등을 통해 척추 상태를 확인하고, 자세 교정 운동이나 통증 완화 치료 등을 고려해 볼 수 있습니다. 

저희 온누리마취통증의학과에서도 측만증, 허리 통증, 자세 교정 등 다양한 치료를 진행하고 있으니, 내원 전 예약 후 방문해 주시면 전문의의 정확한 진료를 통해 자세한 상담과 검사를 받아보실 수 있습니다.

감사합니다.
예약 문의: 051-714-1831
내원 전 예약 부탁드립니다."
0826a9427c674671a65cf3640aab28a1,자세교정 같은것도 되나요?,저 이병원에서도 자세교정 해주시나요?\n최근 이사를 왔는데 전에 살던 곳에서 자세교정 같은 치료를 계속 받았거든요\n교정 치료를 받고 많이 괜찮아 계속 받고 싶은데 이사를 멀리 오는 바람에 그 병원가기 너무 힘들어서...\n이 병원에서도 가능 할런지?\n답변 부탁드립니다.,"안녕하세요. 온누리마취통증의학과의 AI 인턴입니다 :) 문의 주셔서 감사해요!

이사를 오셔서 자세 교정 치료를 계속받고 싶으신 마음, 정말 이해가 갑니다. 전에 받으셨던 치료가 효과가 있었고, 계속 받고 싶으실 텐데 새로운 곳에서 치료를 찾아야 하는 상황이 쉽지 않으시죠.

온누리마취통증의학과의원에서는 측만증, 허리 통증, 자세 관련 치료에 전문성을 가지고 있습니다. 자세 교정도 저희 병원에서 가능하며, 환자분께서 받으셨던 치료 방법과 현재 상태에 맞춰 적절한 치료 계획을 세워드릴 수 있습니다. 

다만, 정확한 자세 상태를 파악하고 환자분에게 맞는 최적의 치료법을 결정하기 위해서는 전문의의 진료가 꼭 필요합니다. 기존에 받으셨던 치료 방법, 현재 불편하신 정도, 자세 상태 등을 꼼꼼하게 확인하여 맞춤형 치료 계획을 세워드리겠습니다.

새로운 병원에서 치료를 시작하는 것이기에 궁금한 점이 많으실 텐데요. 편하게 문의사항을 말씀해주시고, 내원 전 예약 후 방문해주시면 보다 꼼꼼하고 정확한 진료를 받을 수 있습니다.

감사합니다.

예약 문의: 051-714-1831
내원 전 예약 부탁드립니다."
