id,tag,title,content
0115181c415c4cdcafa51db1bfc2ea99,"[증상 및 진단 문의], 허리 협착증, 협착증 치료, 수술 여부, 협착증 치료 방법",협착증도 치료 가능한가요,안녕하세요\n허리 협착증도 치료 가능한가요\n저희 어머니가 협착증으로 오래도록 고생하고 계신데 치료를 어떻게 해야 하는지 해서\n저희 어머님이 가신 병원도 수술여부를 저희 보고 결정하라고 하시는데..\n연세도 있으시고 주위에 수술 하신분들도 여전히 아프시다고 하셔서 수술을 해도 될런지 궁금합니다.\n혹 치료를 진행 한다면 어떤 치료를 하는지도 궁금 하구요\n답변 부탁 드립니다.
02edb62d4bf74c2b87e1e1c299119ddd,"[증상 및 진단 문의], 허리 통증, 허리 아래쪽 통증, 걸을 때 통증","조금만 걸어도 아파해요 ㅡ,.ㅡ",안녕하세요\n중학교 2학년 여자 아이를 둔 엄마입니다.\n아이가 조금만 걸어도 허리 아래쪽이 아파다고 해요\n같이 다니고 싶은데 조금만 걸어도 아프다고 하니 같이 다닐수도 없어요\n뭐가 문제 인지 모르겠어요
0826a9427c674671a65cf3640aab28a1,"[생활관리 및 기타 문의], 자세교정, 교정 치료",자세교정 같은것도 되나요?,저 이병원에서도 자세교정 해주시나요?\n최근 이사를 왔는데 전에 살던 곳에서 자세교정 같은 치료를 계속 받았거든요\n교정 치료를 받고 많이 괜찮아 계속 받고 싶은데 이사를 멀리 오는 바람에 그 병원가기 너무 힘들어서...\n이 병원에서도 가능 할런지?\n답변 부탁드립니다.
09c9df265f10407197cd801919bf18d1,"[예약, 진료, 비용 문의], 체외충격파 치료, 팔꿈치",체외충격파 치료 하는가요?,안녕하세요\n다름이 아니라 타지역에서 체외충격파 치료를 받고 있었는데\n부득이 하게 이사를 하게 되어서요\n이병원에서도 체외충격파 치료를 하시는지?\n참고로 팔꿈치를 치료받고 있었습니다.
0a414ef4141847edaee7a2b16e4aae7b,"[증상 및 진단 문의], 두통, 지속적인 두통, 두통 치료, 머리 검사
",두통이 계속 지속되는데 치료 가능한가요?,안녕하세요\n다름이 아니라 제가 계속 두통이 발생하는데 어떻게 해야 할까요?\n약을 먹어도 그날만 좀 참을만 하고 다음날 또 두통에 시달리고 있는데 어디로 가서 어떻게 치료를 해야 할지 모르겠어요\n약을 계속 먹어도 되는지 아니면 머리쪽 검사를 받아 봐야 하는지 모르겠어요?\n두통을 달고 살고 있으니 일상 생활에도 지장이 있고 계속 짜증만 나는것 같네요\n두통 치료도 가능할까요?
0bbab456087f4a4889a61e158764a58b,"[증상 및 진단 문의], 다리 통증, 전기요법, 다리 저림",오른쪽 다리가 찌릿하게 전기가 통하는거 같은 느낌 인데 이것두 치료 가능한가요?,안녕하세요\n어제 부터 다리가 찌릿하게 전기가 오는 느낌이 나는데... 치료 가능할까요\n한번씩 이런 느낌이 나는데 치료를 해야 하나 말아야 하나 ^^;;;;\n통증병원에 가는게 맞는건지...\n답변 부탁드립니다.
0f6d7dc3a5d743fda90c9e7d092046dc,"[생활관리 및 기타 문의], 아이 키, 성장, 성장 예측, 또래보다 작은 키",아이의 키가 걱정 입니다.,"저... 중학교 1학년 여자아이를 키우고 있는 엄마인데요\n저희 아이의 키가 걱정이되서요\n여기서는 어떻게 키를 크게 하나요?\n우리 아이가 키가 얼마나 클지 알수도 있나요?\n또래 보다 작아서 너무 걱정이네요 ㅡ,.ㅡ"
11444d3d33004e959cc54c84b784bad3,"[증상 및 진단 문의], 발바닥 통증, 발가락 통증, 감각 저하, 동상, 침 치료",발바닥 및 발가락 감각이 없어요.ㅠ,2월달때쯤부터 오래 걷고 발이 시려워서 그런줄 알고 놔뒀는데 지금까지 발바닥 윗쪽 중앙부위랑 발가락 두번째 세번째 엄지안쪽부위에마치 동상걸린것 처럼 감각이 무딥니다.\n한의원이가서 2주 동안 침을 맞아도 나아지지 않네요\n혹시 병원에 내원하면 치료 가능한지요?\n어떤치료(검사) 받아야 하고 비용도 궁금합니다.
11c35fbe96e84de1a43a4d5479c0c845,"[생활관리 및 기타 문의], 키, 성장, 성장통증
",키가클수있나요?,우리 아이가 또래에 비해 키가 작은거 같은데 희망이 있을까요?
11f18d9c36934096823ac6f415a9f511,"[치료 및 시술 문의], 허리 통증, 뻐근함, 허리 굽힘, 파스, 한의원, 허리 불편",몇일전부터 허리가 아픈데 치료 가능한가요?,몇일전부터 허리가 뻐근하고 하프더니\n지금은 허리를 굽히는 동작에서 통증이 있습니다.\n파스도 붙여 보고 한의원도 가봤는데 증상이 더 심해지는듯 합니다.\n치료 가능할까요?\n허리가 아프니 아무것도 못하겠네요
1274c43d83084a39991c4ee40f7ead89,"[증상 및 진단 문의], 허리 통증, 일어서기, 걷기, 디스크, 수술
",허리가 갑자기 아파요,저 갑자기 허리가 아프네요\n일어서기도 힘들고 걷기도 힘들어서 지금은 누워만 있습니다.\n여기 저기 알아보니 디스크가 터진거라고 하는데 큰 병원 가면 바로 수술을 하자고 할듯하여\n혹 이 병원에서는 수술없이 치료가 가능 할런지 문의 드립니다.\n평소에 허리가 좋지 않다고 느낀 적은 없는데\n지금은 누워 있는것 만 가능....\n혹시 치료 가능할까요?\n큰 병원 가서 수술하고 치료 하기가 여건이 안돼서...\n답변 부탁드립니다.
14e75d0ac60042bc847b5a0172dbabae,"[치료 및 시술 문의], 측만증, 치료",측만증 치료는 어떻게 진행 되나요?,측만증 진단을 다른 병원에서 받았는데요???\n이 병원에서는 어떻게 치료를 하시는가요?
14eb77ba688149a086502ab17f97a7d0,"[증상 및 진단 문의], 측만증, 측만증 진단, 측만증 치료",측만증치료 해야 할까요?,안녕하세요\n초등학교 여자아이를 키우는 엄마 입니다.\n다름이 아니라 저희 아이가 다른 병원에서 측만증 진단을 받았는데 측만증을 치료 해야 하는건가요\n아이가 아직 초등학생이니 그냥 두면 되는건지 치료를 해야 하는지 궁금합니다.\n아이는 어릴때 부터 운동이라고는 택권도 말고는 한것이 없는데 왜 측만증이 생겼는지...\n측만증치료를 꼭 해야 하는 건가요?
1548f6da5fc2415994b343fa7fb6ae9c,"[증상 및 진단 문의], 허리 통증, 걷기 불편, 허리 시술, 수술, 입원
",허리 시술? 이라고 하던데 그게 뭔가요?  혹시 입원해야 하나요?,안녕하세요\n다름이 아니라 허리 시술 한다고 소개 되어 있던데\n허리 어떤 시술을 하시는지 혹시 입원도 해야 하는 건가요\n제가 허리가 안좋아서 걷는것도 조금 불편한데 이런것도 치료가 가능한가요?\n혹시 입원해야 하고 그런건지 궁금합니다.\n수술 같은건가요?\n답변 부탁드립니다.
1605078f7be1427faabb5aeee9b71ca4,"[증상 및 진단 문의], 허리 통증, 다리 저림, 혈액 순환, 다리 저림 치료, 허리 문제
",허리가 아프고 다리가 저린감이 있어요...  치료 가능 할까요?,평소에 조금만 걸어도 허리아래쪽이 아프고\n가만히 있어도 다리가 저린감이 있어요\n혈액 순환이 안돼서 그런가 하고 혈액 순환제를 사서 먹어도 봤는데 효과가 없어요\n아는 지인분이 허리가 안좋으면 그럴수 있다고 하던데...\n진짜 허리가 문제인지 궁금합니다.\n다리저림이 치료 가능 한지도 궁금하구요\n답변 부탁 드립니다.
1a089c4ad79946eab59831395e2afc27,"[증상 및 진단 문의], 오른쪽 어깨, 날개뼈 부근",오른쪽어깨 날개뼈 부근,Content not found.
1a706daa3500462b9b5c328ae46aa3cd,"[생활관리 및 기타 문의], 체형교정",체형교정,Content not found.
1afe7e1bf8fc4e8fa932aadbdf653c01,"[치료 및 시술 문의], 프롤로치료, 팔꿈치 통증",프롤로치료 하나요?,프롤로치료 가능한가요\n가능하다면 팔꿈치에도 프롤로치료가 가능한가요?
1b6ef71922fc4d5b8a042b7c38fa5f80,"[예약, 진료, 비용 문의], 손목 통증, 치료, 비용",손목 통증 문의,안녕하세요\n제가 손목 통증으로 요즘 고생하고 있는데 치료를 받고 싶은데요\n이 병원에서는 어떤 치료를 하는지 궁금합니다.\n혹시 비용도 알수 있을까요?
1bb32138b89e431fab8b5a37064f2e8a,"[생활관리 및 기타 문의], 감기, 수액
",감기 수액 가능한가요?,혹시 감기 때문에 수액을 맞고 싶은데 가능할까요?
1d7d03c3c4e446979705be5029539c28,"[증상 및 진단 문의], 두통, 아침 두통, 오후 두통, 약물 불응성 두통",두통이 자주 심하게 찾아온느데 치료 가능 할까요?,안녕하세요\n20대 여자 이구요 평소에 두통을 달고 살다 시피 하고 있습니다.\n어떤 경우에 찾아 오는건 아니구 아침에 일어나서 컨디션이 좀 별로라던가\n잘 지내다가 오후에 갑자기 두통이 찾아 오곤합니다.\n한번 찾아온 두통이 잘 잦아들지도 않고\n약을 먹어야 겨우 진정되건것이\n최근에는 약을 먹어도 별 효과가 없습니다.\n혹시 이런 경우에도 치료가 가능할까요?
1e4bfe3c40ce411090e75a0b029cfb1a,"[치료 및 시술 문의], 허리 통증, 허리치료, 비용",허리치료 어떻게 하나요?,여기 병원은 어떻게 허리치료를 하나요\n허리가 아파서 다른 병원에서 몇번 치료를 받아 봤는데 그때 뿐이라....\n어떤치료를 어떻게 하는지 궁금합니다.\n혹시 비용도 알수 있을까요?
2039e21f3553464986c733fe8d1cad75,"[증상 및 진단 문의], 척추분리증, 전방전위증, 허리 통증, 장시간 걷기, 안아있기, 도수치료, 운동치료",척추분리증 전방전위증도 도수로치료가능한가요?,척주 분리증에 의한 전방전위증이 약간있다고\n타병원에서 알게되었는데 지금 한달정도되었습니다 심한통증은 침상안정으로 괜찮아진거같은데 아직 오래안아있거나 장기간 걸으면 통증이있어욤ㅜ\n이것두 도수치료로 가능한가요?\n그리구 운동치료라는것은 실비가 안되는건가욤?
21bd7ea28b364d49a43caac547bb2018,"[생활관리 및 기타 문의], 자세 교정, 어깨, 어깨 내려감",자세 교정 질문 입니다.,안녕하세요\n다름이 아니라 자세교정을 받고 싶은데 부산 동래쪽에 알아 보다 연락 드립니다.\n다른 사람들이 저의 자세가 이상하다고 하도 말들이 많아서요\n왼쪽 어깨가 많이 내려가 보인다고 하는데  이런것도 교정이 가능할까요?
26a10b0723f744428e7cc1fcb5d3af60,"[증상 및 진단 문의], 왼팔 통증, 웨이트 운동, 힘 빠짐",웨이트 밀기운동시 왼팔이 힘을 쓸 수가 없습니다,Content not found.
29c8af4c9fbc45ff8fad21acd9057a30,"[증상 및 진단 문의], 대상포진, 통증, 약물 치료",대상포진 치료 하나요?,안녕하세요\n혹시 대상포진 치료도 가능 한가요?\n다른 병원에서 대상포진이라고 하는데 약을 먹어도 많이 아파서요\n대상포진 치료 여부 알려주세요
2b7a78584f714fe79c6a84e5b2bff711,"[증상 및 진단 문의], 어깨 통증, 오십견, 수술",어깨가 아픈데 치료 가능 할까요,안녕하세요 40대 여성입니다.\n얼마전 아깨가 아파서 한의원에 갔는데 오십견이라는 소견을 듣고 치료를 했는데\n차도가 없어요 혹시 여기서도 치료 가능한가요?\n오십견이면 수술을 해야 하나요?
2c6b92985c814e6095976e6cb28649eb,"[생활관리 및 기타 문의], 성장 클리닉, 성장, 키",성장 클리닉 상담 받고 싶은데....,저희 아이의 키가 고민 입니다.\n인터넷 보고 궁금한 점이 있어서요\n성장클리닉을 다니면 키가 실제로 크는건가요\n어떤식으로 키를 크게 하는거죠?
2df993d1007149eda9a1b2154a556695,"[치료 및 시술 문의], 측만증, 성인 측만증, 치료, 비용",측만증 문의,측만증 치료에 관해서 문의 하는데요\n혹시 성인 측만증도 치료 가능한가요?\n다른 곳에서 치료를 받고 있는데 썩 나아 지는 것 같지 않아서요\n여기 병원에서는 어떻게 치료를 하고 비용은 얼마 인지 궁금합니다.
2f1691e0a72d4e7eb2e742ebe35eae6f,"[증상 및 진단 문의], 허리 통증, 잦은 통증, 허리 불편",허리 치료 가능한가요,최근들어 허리가 자주 아픈데 치료 가능 할까요?\n예전에는 아파도 하루 정도 지나면 괜찮아 졌는데 지금은 자주 통증이 있습니다.\n사무실에서 근무 하는 사람인데 허리가 이렇게 아프니 불편해서\n치료 비용과 치료 방법을 알고 싶은데 가능할까요?
2f75bff60049431fa4a224f175b68821,"[생활관리 및 기타 문의], 운동 선수, 축구 선수, 운동선수 클리닉",아이가 운동 선수 입니다.,안녕하세요\n저희 아이가 축구 선수를 하고 있는데요\n운동선수 크리닉이 있던데...\n어떤것을 가는 건가요?
3088d910ded24c67ab8c1634737478f9,"[증상 및 진단 문의], 양발바닥힘줄염, 발목인대염증, 바깥쪽 발목",양발바닥힘줄염과 양측 바깥쪽 발목인대 염증,Content not found.
318da586a9e44577b38474212a82c0f0,"[증상 및 진단 문의], 허리 통증, 걸을 때 허리 통증, 고등학생, 치료 가능성",조금만 걸어도 허리가 아파요 ㅠ.ㅠ,"안녕하세요\n다름이 아니라 저희 아이가 저랑 조금만 오래 걸으면 허리가 너무 아프다고 합니다.\n여자 아이라서 허리가 아프다고 하니 신경도 많이 쓰이고\n제일 아쉬운건 저랑 쇼핑을 같이 하고 싶어도 조금만 걸으면 허리가 아프다고 하니 쇼핑도 마음놓고 하지 못해요\n평소에는 특별히 허리가 아프다고 하지 않는데 조금만 오래 걸었다 하면 허리가 아프다고 하네요\n어린(고등학생 이지만..  ^^)애가 조금 걸었다고 허리가 아픈게 왜 그럴까요  ㅡ,.ㅡ\n혹시 치료를 해야 하나요 이런것도 치료가 가능할까요?\n답변 부탁드립니다."
33f9cfde61d84715b7fad8370091a381,"[증상 및 진단 문의], 손목 통증, 손목 치료, 주사 치료, 모유수유",손목 치료 가능한가요?,안녕하세요 손목치료 때문에 물어 볼게 있어요\n제가 얼마전에 출산을 하였는데 애기를 보다 보니 손목이 많이 아파서요\n지금 모유수유 중인데 주사치료를 해도 될런지 혹시 주사치료 말고 다른 치료로 손목 치료가 가능한지 궁금합니다.\n답변 부탁 드립니다.
360f3a84da114980ab29fbb600aab330,"[증상 및 진단 문의], 전신통증, 목 통증, 어깨 통증, 등 통증, 허리 통증, 골반 통증",30대 여성입니다. 전신통증이 있어요 ㅠ.ㅠ,"안녕하세요 30대 여성 입니다.\n목, 어깨, 등, 허리, 골반 등 전반적으로 아파요 ㅠ.ㅠ\n다른 병원가서 치료도 받아 보고 해보았지만 그때 뿐이고 몇일 지나지 않아 다시 통증이찾아 옵니다.\n치료 가능할까요?"
368fa699740949fa97def0acea82fbeb,"[치료 및 시술 문의], 연골 DNA주사",연골 DNA주사,Content not found.
3730a3152f9b4576a855d6502265a551,"[증상 및 진단 문의], 무릎 통증, 앞쪽 무릎, 무릎 부위, 운동",운동선수를 둔 부모입니다.,안녕하세요\n아이가 축구선수로 활동하고 있는 부모 입니다.\n최근들어 아이가 무릎근처가 아파다고 합니다.\n다른 병원에 가서 검사를 받아 봐도 특별한 이상이 없다고 하고\n아이는 무릎이 아프다고하고(특히 앞쪽 무릎 약감 밑에...) 합니다.\n운동을 못할정도는 아닌데 계속 신경이쓰인다고 합니다.\n혹시 이런것도 치료가 가능할까요?
37e2102272844aef812254ca11fffc67,"[증상 및 진단 문의], 측만증, 허리 통증, 도수치료, 카이로프랙틱, 필라테스",성인 측만증 문의 입니다.,"성인 측만증 문의 드릴려구 하는데요\n20대 여성입니다.\n측만증 때문에 고민이 있습니다.\n여러 병원에서 측만증때문에 치료를 받아 보았으나 별 차도가 없습니다.\n현재 측만증 진단을 받고 도수치료, 카이로치료, 필라테스 등 측만증을 치료 하고 좋다고하는 것들을 여러가지 해보았으나\n치료를 할때만 잠깐 좋아 지는 느낌이 들고 다시 돌아 옵니다.\n측만증 치료 어떻게 해야 할까요?\n여기 병원도 측만증 특화의원? 이라고 하던데 치료가 가능할까요?\nㅡ.,ㅡ"
39d5fc46be72458aa88565d51fc3743b,"[증상 및 진단 문의], 측만증, 어깨 비대칭, 자가 검진",대학생 인데요 측만증 검사 어떻게 해요?,지금 대학생인데요\n측만증 검사 어떻게 하는건가요?\n주위 친구들이 어깨가 비대칭이라고 하는데...\n저는 잘 모르겠거든요?\n자가 검진법 이나 혹시 증상 같은게 있나요?
3a164731cf334ce2a0ebde31571d5c6e,"[증상 및 진단 문의], 어깨 통증, 스테로이드, 스테로이드 부작용, 스테로이드 없이 치료",스테로이드 사용 문의,혹시 치료시에 스테로이드를 사용 하나요?\n주위에서 스테로이드 사용 부작용을 하도 많이 들어서\n제가 어깨가 아픈데 누구는 스테로이드를 맞아도 된다\n스테로이드 말고 치료 하는게 좋다\n어떤게 좋은지 모르겠는데 일단 스테로이드 안쓰는 곳으로 알아 보고 있어서요\n스테로이드 없이 어떻게 치료를 하는지도 궁금합니다.
3aee5dc474bd4ed19df035ed39c123db,"[증상 및 진단 문의], 두통, 머리 통증, 투통",아이가 계속 두통을 호소 하는데 진료 가능 할까요?,"안녕하세요 초등학교에 다니는 남자아이를 기르고 있는 부모 입니다.\n몇일 전부터 아이가 계속 머리가 아파다고 합니다.\n큰병원에 가서 MRI, CT 등의 검사를 받아 보았으나 아무 이상이 없다고 하는데\n아이는 계속 투통을 호소 합니다.\n지인중에 이 병원에서 비슷한 증상으로 치료를 하고 괜찮아 졌다고 하는 우리 아이도 치료 가능한지?"
3b74d686ce5f454080f035d1ce809e02,"[증상 및 진단 문의], 측만증, 척추 휘어짐, 필라테스, 운동",측만증에 필라테스가 좋다고 하던데....,측만증에 필라테스가 좋다고 하던데 해도 될까요?\n20대 여성입니다.\n고등학교 다닐때 척추가 휘어져 있다고 들었는데 이게 측만증이 맞는건가요?\n측만증에 필라테스가 좋다고 하던데 필라테스 운동을 해도 될까요?\n운동을 시작할려고 하는데 이왕이면 측만증에도 좋은 운동을 하고 싶어서 문의 드려요
3cf581a4c7c142d3bbf8bbf1249049c4,"[증상 및 진단 문의], 허리 통증, 수술 권유, 비수술적 치료, 수술",비수술적 치료 하고 소개 되어 있던데 어떤 치료를 하는건가요?,안녕하세요 허리가 아파서 다른 병원에서 수술을 권유 받은 사람입니다.\n비수술적 치료를 한다고 해서 문의 드리는 데요\n다른 병원에서 수술을 권유 받았는데도 비수술적으로 치료가 가능 할까요?\n참고로 저는 40대 초반의 남자 입니다.\n다들 허리 수술은 안하는게 좋다고 말하기도 하는데 병원에서는 수술을 해야 한다고 하고...\n어떻게 해야 할까요?
3ede8f0e337f493a9ae30eff30fbca17,"[증상 및 진단 문의], 날개뼈 통증, 날개뼈 근처 통증
",날개뼈 근처 통증,안녕하세요\n다름이 아니라 최근에 날개뼈 근처가 많이 아파서 고생하고 있는데요\n이런곳도 치료 가능할까요\n운동을 하고 있는것도 아닌데 왜 이쪽이 아픈지 모르겠네요\n치료가능한지 혹 왜 아픈건지 알수 있을까요?
3f08baadeb6f420aa9e39a4f79d5805a,"[증상 및 진단 문의], 측만증, 주요 증상, 증상",측만증의 주요 증상이 있나요?,혹시 측만증이 있는 경우 주요 증상이 있나요\n어떤 증상이 나타 나는지 궁금하네요
400462c51ea74e6ca9a2c73b4b95efa2,"[증상 및 진단 문의], 허리 통증, 등 통증, 엉덩이 통증, 검사, 치료
",아이가 허리가 아파다고 하는데 치료 가능할까요?,저...  아이가 계속 허리가 아파다고 하는데..\n아프다 안아프다 하기도 하고 등이 아프다고 하기도하고\n어떨때는 엉덩이 밑에가 아파다고 하기도 합니다.\n아이가 아프다고 하니 걱정이 되는데 어디를 가서 검사하고 치료해야하는지 몰라서 글을 남깁니다.\n혹시 이런경우도 검사 및 치료도 가능한지....
4038bfde01a7419ba573617fbf86ccc1,"[치료 및 시술 문의], 도수치료, 허리 통증, 주사 치료",도수치료 가능한가요?,도수치료 가능한가요?\n허리가 아파서 그러는데...\n주사 치료만 하는건가요?
431968130cb5449f89724f9eef03637b,"[예약, 진료, 비용 문의], 대상포진 예방접종, 대상포진",대상포진 예방접종 비용 문의,여기 병원에서도 대상포진 예방접종 하나요?\n한다면 비용과 어떤 약을 쓰는지 궁금합니다.\n빠른 답변 부탁...
4455e27b6b114582a4cd62f9a1bdbf0f,"[생활관리 및 기타 문의], 감기, 감기약, 처방
",감기약 처방 가능 한가요?,혹시 감기약도 처방 가능한가요?\n이병원 진료 시간을 보니 늦게 까지 하시는거 같은데..\n제가 직장을 다니다 보니 늦게 마치는 경우가 많아서 그러는데\n감기약 같은 것두 처방이 가능한가요?
46f9c1b5a6cb459b8f5b9aea6aaaf406,"[증상 및 진단 문의], 측만증, 의심, 학교 신체 검사",저희 아이가 측만증 진단을 받았는데 치료 안하면 어떻게 되요?,저희 아이가 학교 신체 검사에서 측만증이 의심 된다고 나왔거든요?\n아이는 특별히 아픈곳이 없다고 하는데 그냥 있으면 어떻게 되나요?
47ae4e1bfbc64a1589e500335f4d7abe,"[예약, 진료, 비용 문의], 측만증, 치료 시간",측만증 치료 시간은 얼마나 결려요?,측만증 치료를 하게 되면 시간은 어떻게 걸리나요?\n직장인인데 치료 시간이나 뭐 요일 같은게 궁금한데요?
49516d1ebbb94fbba4c31a6666ab7e52,"[증상 및 진단 문의], 턱관절통증
",턱관절통증,Content not found.
4971420d1c334489999d66ed61c5a933,"[치료 및 시술 문의], 무릎, DNA 주사, 치료, 시술",무릅 dna주사도 가능합니까,무릅 dna주사 치료도 시술합니까.
4a41d08180664985ab462409fe34fe80,"[증상 및 진단 문의], 측만증, 측만증 치료, 측만증 검진, 교정 치료, 수술
",학생 측만치료 문의,안녕하세요 초등학교 6학년 여자애를 키우고 있는 엄마입니다.\n다름이 아니라 아이가 학교에서 검진? 그런걸 받았는데 측만증이라고 해서요\n측만증이 먼지는 찾아 보기는 했는데 교정 치료 또는 수술도 이야기가 있어서\n겁이 나내요\n부산에서 측만증 치료 가능한곳 알아보다 연락 드립니다.\n측만증 치료 가능할까요?
4ab6047d1943431a8801d25529fec787,"[증상 및 진단 문의], 다리 통증, 운동, 축구, 달리기, 운동 선수, 중학생",운동하는 아이를 두고 있습니다.,안녕하세요\n축구하는 아이를 두고 있는 부모 입니다.\n아이가 축구선수인데 다리가 아프다고 합니다.\n다른 병원에 가서 여러가지 검사를 해보아도 아무런 이상이 없다고 하는데...\n아이는 아파서 운동을 할때 집중을 할수 없다고 합니다.\n달리기를 할때도 아파다고 하고 스피드도 떨이지구\n무슨 이유인지라도 알면 좋을텐데....\n아이가 중학생이라 이제 와서 축구를 그만두게 하는것도 그렇고\n아이가 워낙 운동을 좋아해서 답답한 마음에 글을 써봅니다.\n이 병원에서 운동 선수 클리닉도 하던데...\n혹시 원인이라도 알수 있을까요\n정말 답답합니다.
4c403c95eba946acbc0361ce737b9364,"[증상 및 진단 문의], 측만증, 측만증 진단",측만증 이라고 하는데 치료 받으면 나아 지나요?,검진을 통하여 측만증이 있다고 진단을 받았는데요\n특별한 증상은 없구요\n참고로 20대 중반 여성 입니다.\n측만증 치료를 받아야 할지 그냥 있어도 되는지 궁금합니다.\n현재 측만증 때문에 불편하다던가 어디가 아픈건 없는데 치료를 해야 할까요?
4cf9f450091f4d62a790130151ff5f96,"[증상 및 진단 문의], 연골 연화증
",연골 연화증,Content not found.
4d13db183516440fb1bba785005e800c,"[예약, 진료, 비용 문의], 김영환 원장, 진료 시작, 예약",김영환 원장님 진료,안녕하세요\n우선 김영환 원장님께서는 저희 병원에서 2019년 1월 3일 부터 진료 시작 하십니다.\n벌써부터 예약을 많이 하시네요\n방문 전 전화로 예약 부탁 드립니다.
4ed2b62a60ab4b5da9b174bec9be831e,"[증상 및 진단 문의], 측만증, 허리 통증, 측만증 진단, 허리 통증",측만증 검사를 받아 본 사람 입니다.,여자 아이 중학생 입니다.\n얼마전 측만증 검사를 받아 보고 측만증 진단을 받았는데 치료를 해야 한다는데....\n어떤 병원을 선택 해야 할지....\n여기 병원에서는 어떤 치료를 하는건 가요\n참고로 아이가 계속 허리가 아프다고 해서 검사를 받아 본 상황입니다.
4ff518cd467f429c9300933b7d38ce4e,"[증상 및 진단 문의], 자세 교정, 체형 교정, 통증
",자세교정/체형교정/통증,Content not found.
504b4eb3364c4565962de98a1f46d259,"[치료 및 시술 문의], 허리 디스크, 수술, 치료, 생활 통증",허리 디스크 치료 어떻게 하나요,허리 디스크 판정을 얼마전에 받았는데요\n여기 병원에서는 어떻게 치료를 하나요\n사진을 찍은 병원에서는 수술 여부를 저보고 하라는 식으로 말씀 하셔서\n수술을 해야 하는지 안해도 되는지 고민이 많이 있습니다.\n일하는 것에는 괜찮은데 생활할때 한번씩 힘들때가 있어서 고민이 많네요\n수술 하는게 나을지 안해도 되런지 정말....\n병원에서 저보고 알아서 하라고 하니 답답하기만 하네요\n그래도 수술보다는 치료가 좋겠죠?\n답변 부탁 드립니다.
50c448564b144998b34f79b6124f78d4,"[증상 및 진단 문의], 런데이, 무릎 통증, 보행 이상",런데이 후 무릎통증이 생겨서 문의드립니다,최근 런데이를 시작한 대학생입니다.\n시작 전 충분한 스트레칭을 실시했는데도 뛰고나서도 무릎이 계속 아프네요ㅠㅠㅠ\n평소 걸음걸이가 좀 이상하다는 얘기를 들은적도 몇번 있긴한데...뭔가 잘못된거 같긴한데 ㅠㅠㅠ\n방문해도 괜찮을까요??
51440fa7314141738f3428d62df20ef3,"[증상 및 진단 문의] 목 디스크, 팔 저림, MRI, CT, X레이, 수술, 수술없이 치료",목 디스크 수술 해야 할나요?,"저 병원에서 목 디스크 수술을 하자고 하는데 수술 해야 할까요\n팔저림이 항상 있어서 병원갔더니 검사하자고 해서 MRI, CT, X레이 등 검사하고\n의사선생님 만나봤는데 목 디스크라고 수술 하자고 하시는데\n솔직히 겁도 나고 수술하는게 맞는건지 정말 수술하기 싫은데 수술을 해야할까요\nㅠ.ㅠ\n겁나서 여러곳을 찾아 보니 수술해야 한다는 곳도 있고 하지 말라는 곳도 있고 한데\n어떻해 하는게 좋을지 몰르겠어요\n여기 병원에서 수술없이 치료를 한다고 해서 문의 드립니다.\n수술 안하는 방법 없을까요?"
52bb90f438c34e2197999f1ddb787655,"[증상 및 진단 문의], 허리 통증, 허리 수술, 움직임 제한, 삐끗한 허리, 수술적 치료, 비수술적 치료, 입원, 휴식",허리 수술해야 될까요?,안녕하세요\n최근에 허리가 아파서 병원에 갔더니 수술을 하자고 하더라구요\n평소에 허리가 가끔 아픈 경우가 있었는데 최근 일을 하다가 삐긋 하는 일이 있었는데 움직은게 너무 힘들더군요\n그래서 집근처 병원에 갔더니 수술 이야기 부터 하던데 수술은 제가 좀...\n허리 수술을 하지 말라고 말도 많이 들어서\n형편상 일을 쉴수도 없어서 수술하게 되면 입원도 해야 하고 수술없이 치료를 할수 있나요?\n수술은 안하고 싶은데\n좀 쉬면 괜찮아 질런지도 궁금합니다.\n답변 부탁 드립니다.
52c80deeddd74ae797050f5016ced8ed,"[증상 및 진단 문의], 손가락 통증, 손목 통증, 주사 치료, 주사, 치료, 통증",손가락이랑 손목 치료 어떻게 하나요? 주사는 무서워서 ㅠ.ㅠ,손가락이랑 손목이 아픈데 꼭 주사 치료를 해야 하나요?\n주사치료가 무섭기도 하고 아플것 같아서 주사는 맞기 싫은데...\n주사 없이 치료가 가능할까요?\n치료가 가능하다면 어떤 치료를 하는지도 궁금합니다.\n주사 무서워요  ㅠ.ㅠ
537b394a03e149e18221e2559957b3e9,"[증상 및 진단 문의], 다리 통증, 다리 저림, 전기통증, 묵직함, 허리 문제, 디스크, 수술
",다리가 아파요 ㅠㅠ,"저 혹시 다리가 많이 아픈데 치료 가능한가요\n사실 최근 한의원에서 치료를 받았는데 썩 나아지는것 같지 않아서....\n증상은 다리가 저리듯이 아프고 한번씩 전기가 통하는듯한 느낌이 들고....\n묵직한 느낌?  뭐 대충 이런 느낌인데 치료 가능할까요?\n한의원에서는 허리 문제때문이라고 하는데 허리를 치료 해도 썩 나아지는 느낌은 없어서요  ㅡ,.ㅡ\n인터넷을 좀 찾아 보니 디스크 이야기도 있고 수술 이야기도 있던데.... 수술은 무서워서요\n치료 가능할가요?"
550cf57a71854ef09e1d7de356145ffd,"[예약, 진료, 비용 문의], 도수 치료, 도수 치료 비용, 실비",도수 치료 가능한가요?,거기 병원에서 도수치료 가능한가요?\n도수치료 비용은 어떻게 되는지요?\n그리고 혹시 도수치료 실비 가능한가요?
558f3667a2cd46378e264e992d7c1b22,"[증상 및 진단 문의], 성인 측만증, 등 통증, 지속적인 통증",성인 측만증은 치료 안하나요?,성인 측만증은 치료가 안돼나요?\n20대 중반 여성입니다.\n계속적인 등 통증이 있어서 병원에 갔더니 측만증 이라고 하는데..\n치료 방법이 없다고 아프면 치료 받고 안아프면 그냥 있으라고 하더군요\n(참고로 대학병원에 까지 다녀 왔습니다 ㅠ.ㅠ)\n이렇게 계속적인 통증을 달고 살아야 하나요?
55e439c1043b48aa8054c1c07a67e8e4,"[증상 및 진단 문의], 측만증, 측만증 치료, 측만증 비용",측만증이 왜 발생하나요?,측만증이 왜 발생하나요?\n아이가 학교에서 측만증 인것 같다고 하는데...\n왜 생기는 건가요?\n측만증 치료 꼭 해야 하나요\n치료 비용은 어떻게 되는건가요?
55e9e35726cf4241bcdaa28964481444,"[증상 및 진단 문의], 날개쭉지 통증, 왼쪽 날개쭉지, 날개쭉지 불편감, 날개쭉지 통증 원인",몇일동안 날개 쭉지 부위가 아픈에 어떻게 치료 가능한가요?,몇일 동안 왼쪽 날개 쭉지 쪽이 너무 불편한데 치료 가능한가요?\n어떤치료를 하는지 알수 있을까요?\n혹시 여기 부위가 아픈 이유도 알수 있나요?\n최근들어 많이 아프긴 하지만 자주 아픈곳이라 안아플 방법은 없는건지 궁금합니다.
564f3c265d60477b8999c19dc15f1b0f,"[치료 및 시술 문의], 손목 터널 증후군, 수술, 비수술적 통증 치료, 손목",손목 터널 증후군 문의 입니다.,손목 터널 증후군 이라는 진단을 받았는데요\n정형외가에서 수술을 권하던데 손목 터널 증후근의 경우 수술 말고는 치료 방법이 없는건가요\n수술 없이 치료 가능 할까요\n비수술적 통증 치료를 한다고 하던데...\n수술이라고 하니 겁이 나서요  ㅠ.ㅠ
5712696c22644d1096901884d32b49ea,"[증상 및 진단 문의], 거북목, 거북목 치료, 거북목 진단",거북목 치료 가능 한가요,거북목도 치료 가능 한가요?\n치료 한다면 어떤 방식으로 치료 하는 가요?\n거북목 진단은 어떻게 하나요?
5b55cd427dc64f75adc4f3d442403787,"[증상 및 진단 문의], 팔꿈치 통증, 통증",팔꿈치 통증이 있는데 어떤 치료를 하나요?,팔꿈치 통증으로 고생하고 있는 사람입니다.\n한의원도 다녀 보고\n다른 통증병원도 다녀 보고 했는데 그때 뿐이고 곧 다시 아파옵니다.\n이 병원에서는 어떻게 치료 하는지 궁금합니다.
5bdb6b33aea348ceaefb39e1133d36e8,"[증상 및 진단 문의], 측만증, 허리 통증, 골반 통증
",측만증때문에 통증이 있을수 있나요?,안녕하세요 측만증 특화 병원이라고 해서 문의 할까하구요?\n혹시 측만증때문에 허리나 골반쪽으로 통증이 올수 있나요?\n예전에 측만이 있다고 진단을 받았는데 최근들어 허리쪽과 골반쪽으로 통증이 있는데\n측만증때문에 있는건지  아니면 다른 원인이 있는건지?\n답변 부탁 드립니다.
5cde5ad01f5743a48a83c17c2a1274d5,"[증상 및 진단 문의], 측만증, 측만증 진단, 측만증 치료, 초등학생",측만증이 있으면 뭐가 안좋은거에요?,안녕하세요\n궁금한게 있는데요 측만증이 있으면 뭐가 안좋은거에요?\n우리 아이가 측만증이 있다고 진담 받았는데 그대로 두면 뭐가 안좋은건가요?\n치료를 꼭 해야 하는건지 잘 모르겠어요?\n치료 비용도 만만치가 않고요\n측만증 치료를 꼭 해야 할까요?\n참고로 우리 아이는 초등학교 5학년 여자 아이 입니다.
623635b3670a44b2bb4ed49fd322285f,"[치료 및 시술 문의], 프롤로 치료, 스테로이드, 부위",프롤로 치료 어떻게 하는건가요?,프롤로 치료가 궁금 한데요?\n프롤로 치료라고 하면 스테로이드를 쓰지 않는다고 하던데 맞는 건가요?\n여기 병원에서도 프롤로 치료를 한다고 하던데 정말 스테로이드를 사용하지 않고 치료하는건지?\n프롤로 치료를 할수 없는 부위도 있는지 궁금합니다.
672ac5c2f2e14925965e1a9571366d68,"[증상 및 진단 문의], 햄스트링 통증",햄스트링 통증,Content not found.
6753429539ca46ec84d929d26c56ac4d,"[증상 및 진단 문의], 손목 통증, 손목 부위, 통증",손목 통증 치료 가능한가요?,안녕하세요\n손목통증으로 치료를 받고 싶은데 가능한요\n손목이 아파서 일을 못할정도 인데 금방 치료가 가능할까요?\n일때문에 빨리 치료를 받고 싶은데....
6781dee9224d4280ba8833ff8b8158c2,"[증상 및 진단 문의], 측만증, 협착증
",측만증과 협착증은 다른 건가요?,측만증과 협착증은 다른 건가요?\n협착증... 측만증 뭐가 다른거죠?
6af1beacb6f94b2f90abb4d0cf396dc8,"[증상 및 진단 문의], 팔 저림, 팔 통증, 근무 환경","팔저림이 자주 발생하는데 몸에 이상없는 건가요?  ㅡ.,ㅡ",팔저림이 자주 발생하는데 문제 없는 건지....\n계속 발생하는건 아닌데 일주일에 1~2번 정도 팔저림이 생기는데\n팔저림이 생기면 일하는데 좀 불편해서요\n이런 증상도 치료 가능한가요?
6b3310d408774be08d5005b38dd0a32f,"[증상 및 진단 문의], 측만증, 골반 통증, 허리 통증, 걸을 때 통증",측만증과 골반 통증이 관계 있나요,안녕하세요\n측만증이 있는 아이의 부모입니다.\n아이가 측만증이 있다고 진단을 받았는데 조금만 걸으면 골반이 아프다 허리가 아프다고 합니다.\n이건 측만증때문일 수 있나요 아님 다른 원인이 있는건가요?\n지금 치료를 받고 있지는 않습니다.
6c7d600da6cd4799a10e8f578ab0ec83,"[증상 및 진단 문의], 성인 측만증, 측만증 치료, 운동",성인 측만증 치료 가능 한가요?,안녕하세요 성인 측만증 문의 드립니다.\n제가 측만증으로 치료를 받을수 있는지 궁금합니다.\n얼마전에 측만증이라는 이야기를 듣고 고쳐보고자 필라테스도 해보고 요가도 해보고 했는데\n나아진건지 모르겠어요?\n측만증이라고 이야기만 듣고 겁이나서 운동을 하기는 했는데 어떤지 잘 모르겠어요\n특별히 아픈곳은 없는데 측만증 치료를 해야하는건지\n그냥 이렇게 있어도 되는건지  ^^\n운동하는게 힘들어서...  병원에서 치료하면 좀 나을런지....\n답변 부탁드립니다.
6c98d654a09942399211a685758cca9c,"[예약, 진료, 비용 문의], 측만증, 치료, 가능",측만증 센타에서 어떤 치료를 진행 하시는지 궁금합니다.,측만증 센타라고 있던데\n이곳에서는 어떤 치료를 진행 하는지 궁금 합니다.\n측만증이 치료 가능한지도 궁금한데\n답변 가능할까요?
6d709ecfb7b648748768a9a1a92a89a0,"[증상 및 진단 문의], 대상포진, 피부 통증, 약물 치료",대상포진 치료 가능한가요?,대상포진 치료가 가능 한가요?\n피부과에서 대상포진 진단 받고 약을 복용 하고 있는데 계속 아프네요\n통증의학과 가면 된다고 하던데...\n통증의학과에서는 대상포진을 어떻게 치료 하나요?\n여기서도 약을 타서 먹어야 하는건가요?
729a06fd936f4caa9e9e620206e87876,"[증상 및 진단 문의], 측만증, 측만증 치료",측만증 치료 문의,안녕하세요\n측만증 치료 문의 드립니다.\n아이가 측만증 이라고 하는데 치료를 해야 하는거죠?\n측만증 치료 어떻게 하는건지 궁금합니다.\n참고로 아이는 초등학교 4학년 여자 아이 입니다.
75944c3927d540c2befdc13fc21a9801,"[치료 및 시술 문의], 프롤로 치료",프롤로 치료,Content not found.
76ac5d5e316045b3ac3928450699d009,"[증상 및 진단 문의], 측만증, 측만증 치료, 치료 효과, 치료 가능
",측만증 치료를 받고 싶은데요?,중학교를 다니고 있는 여자 아이 입니다.\n측만증 진단을 받고 다른 병원에서 치료를 받아 보았는데 효과가 없는거 같아서요\n이병원도 측만증 치료를 한다고 되어 있던데 어떤 치료를 하시는건가요?\n다른 병원에서 6개월 정도 치료를 받고 있어요\n측만증 나을수 있을까요?\n치료 가능할까요?
792b9f577be746678fc4fb20b5a28c44,"[증상 및 진단 문의], 마취통증의학과, 관절 치료, 무릎 관절, 도수 치료",통증의학과는 어떤 치료를 하는건가요?  관절치료로도 가능한건가요?,?? 마취통증의학과는 어떤 치료를 하는 곳인가요?\n제가 한의원을 다니고 있는데 별 차도가 없는것 같아서 혹시 무릎관절 치료도 가능한가요?\n도수치료? 이런것도 하는건가요?
7c3f8367a95347438be10df18d1266ed,"[증상 및 진단 문의], 성장, 키, 성장 크리닉, 성장 호르몬 주사, 성장 호르몬 치료
",성장크리닉 문의 입니다.,안녕하세요\n초등학교 5한년 남자 아이를 키우고 있는 엄마 입니다.\n우리 아이가 또래 보다 키가 작아 걱정 입니다.\n호로몬 주사? 그런걸 맞으면 키가 클까요?\n제가 키가 작은 편이라 아이의 키가 크지 않을 까봐 걱정입니다.\n성장크리닉을 한다고 해서 문의 드립니다.\n어떻게 하는건지 궁금 합니다.\n혹시 주사치료를 하는건가요?
7cb8595cccce4638b51f0e2a49f75c34,"[증상 및 진단 문의], 측만증, 치료, 통증
",아이가 측만증 이라는데 어떻해요,저~~ 아이가 측만증이라고 하는데 치료를 꼭 해야 하나요?\n특별히 아픈 곳이 있는건 아닌데요\n측만증이 있다고 하니 찾아 보다 이렇게 연락 드립니다.\n측만증 치료가 필요 하다면 왜 필요하죠?\n아이가 아픈 것도 아닌데....\n측만증이라고 한 병원에서는 치료를 하라고 하던데\n치료를 해야 할지 말아야 할지...
7de657e3d6674725b86558b3f1a96235,"[예약, 진료, 비용 문의], Dna 주사
",Dna주사 맞으러 가려구합니다,Content not found.
801293448d584d15b592e937757ff0fd,"[증상 및 진단 문의], 손가락 통증, 손가락 마디, 타이핑, 치료",손가락 치료 문의 입니다.,손가락이 아픈데요\n치료 가능 할까요\n일적으로 타이핑을 많이 하는 직업입니다.\n몇일 전부터 손가락 마디가 아픈데 어디서 치료를 해야 할지....\n혹시 치료 가능하다면 이병원에서는 어떤 치료를 하는지요?
82d063bcd28d4bbaa294ce12591e27a6,"[예약, 진료, 비용 문의], 진료",김영환 원장님 진료 하시나요?,김영환 원장님 진료 하고 계신가요\n예전 부터 진료 받던 사람인데\n옴기셨다고 해서요
843690467ab640cd9015fc261185bfed,"[증상 및 진단 문의], 측만증, 측만증 치료, 필라테스",측만증 치료 가능한가요?,안녕하세요 측만증치료에 대해서 궁금한게 있어서 문의 드립니다.\n20대 중반 여자 입니다.  측만증이 있다고 진단을 받고 다른 곳에서 치료를 받아 보고 했는데...\n필라테스가 측만증에 좋다고 해서 필라테스도 받아보고 했는데 영~~~ 나아지지아 않아서....\n측만증 그냥 두고 생활하면 안돼는 건가요\n이거 고처 보겠다고 열심히 한다고 했는데 그대로 인거 같아서....\n그냥 이대로 괜찮은건지 궁금합니다.
86139501d89f4a9ca26c32fa29cd2540,"[증상 및 진단 문의], 손목 통증, 손목 치료, 반복, 일, 불편",손목치료 방법이 궁금해요,안녕하세요\n손목치료 방법이 궁금한데요 여기 병원에서는 어떤 치료를 하시나요?\n다른 병원에서 치료를 받아 봤는데 그때 뿐이고 다시 아프고... 계속 적으로 반복이 되고 있어요\n손목이 아프니 일하는데도 지장이 많고 불편한 점이 한두가지가 아니네요\n이 병원에서 하는 치료 방법과 다시 아프지 않기 위해서 뭘 해야 하는지 알고 싶어요
8ae0b1812be2498fa90f1ba999167392,"[증상 및 진단 문의], 측만증, 검진",학교 검진에서 측만증 이라고 나왔는데 어떻해요,저~~ 학교에서 검진... 그런걸 했는데 측만증이 있다고 해요\n무슨 병인지 전 아픈곳이 없는데\n측만증이면 어떻게 해야 하는거에요?
8b7818a3cc6b419f80fa858714636840,"[증상 및 진단 문의], 거북목, 거북목 진단, 거북목 치료
",거북목 치료 문의,거북목 진단을 받았는데요....\n거북목 치료도 가능한가요?
8c976afe7be44dd29476d83e060bb6e9,"[예약, 진료, 비용 문의], 무릎 연골 주사, 통증의학과, 보험",통증의학과에서도 무릎연골 주사 맞을수 있나요?,통증의학과에서 무릎연골 주사 맞을수 있나요?\n항상 정형외과에 가서 맞았는데 통증의학과에서도 맞을수 있는지 궁금해요?\n보험도 되는건가요?
900a6d226bf049898903e8bd95d32f2f,"[예약, 진료, 비용 문의], 성장 치료, 성장 클리닉, 호르몬 치료
",성장 치료 하시나요?,홈페이지에 성장 클리닉 치료가 있던데\n성장 치료하시는거 맞으시죠\n성장 치료는 어떻게 하는건가요?\n혹시 호르몬 치료 같은건가요?
9041531a72e34dffab010bca0afdfdba,"[증상 및 진단 문의], 허리 통증, 등 통증, 측만증, 공부",측만증과 공부가 상관이 있나요?,안녕하세요\n중2 여학생 학부모 입니다. 다름이 아니라 저희 아이가 책상에 앉으면 얼마 있지 못하고 허리랑 등이 아프다고\n자리에서 일어 납니다.\n꾀병인거 같아 처음에는 많이 뭐라고 하고 했는는데 아프다고 꾀병아니라고 싸우기도 했는데\n자기는 공부 하고 싶어도 조금 시간이 지나면 허리랑 등이 아프다고 하니 속상하고 원인도 모르겠고\n애가 공부를 좀 했느면 하는데....\n아이가 얼마전에 측만증이라고 듣기는 했는데 이것과 상관이 있는건가요?\n답답한 마음에 글을 남겨 봅니다.
9115955573f24a0f85fff5fdfe3de3f7,"[생활관리 및 기타 문의], 정상 진료, 임시 공휴일, 주차",5월29일 정상진료 합니다.,안녕하세요 온누리 통증의원 입니다.\n이번 5월 29일 임시 공휴일 저희 병원은 정상 진료를 시행합니다.\n당일 원내 주차는 불가능 하며 롯데백화점 뒷 편 고려주차장을 이용하시면 됩니다.\n감사합니다.
919877f8640f465f8a2261592bf6793c,"[예약, 진료, 비용 문의], 진료",김영환 원장님 예전에 범일동에 계시던분 맞나요?,김영환 원장님\n예전에 범일동 대한통증에서 진료 하시던 원장님 맞으신가요?
9208055d18ff4fce980e28bc97aa62e0,"[증상 및 진단 문의], 측만증, 한의원 치료, 카이로 치료",다른병원에 측만증 치료를 받아 봤는데요?,안녕하세요 ^^\n다른병원에서 측만증 진단을 받고 치료를 받고 있는 사람입니다.\n치료를 몇번 받아 봤느데 큰 효과가 없는듯 하여 문의 드립니다.\n이 병원은 다른 병원가 다른 치료를 하는건가요?\n측만증 특화의원으로 소개 되어 있던데....\n저는 지금 한의원에서 치료를 하고 있으며 카이로 치료를 받고 있습니다.\n이병원도 카이로 치료만으로 측만증 치료를 하시는 건가요?
92e23ad28d49488cac22970afc1ee995,"[증상 및 진단 문의], 측만증, 측만증 치료, 키",측만증 치료로 키가 클수 있나요?,측만증 치료 만으로 키가 클수 있을까요?\n고등학교 2학년 남자 아이 입니다.\n측만증 진단을 받았는데 치료는 하지 않고 있습니다.\n남자 아이인데 키가 170 정도 입니다.\n혹시 측만증 치료를 받으면 키가 더 클수 있을까요?
92fc4b6e37e748278ac6115a21110b85,"[증상 및 진단 문의], 허리 통증, 허리",엄마가 허리가 아프데요,"엄마가 허리가 아프다는데 병원에서 치료 받으면 될까요\n허리 아프다고 하시면서도 병원에 가지 않으시네요\n그냥 있으면 괜찮아 질거라고 하시는데 그냥 있어도 될런지 ㅡ.,ㅡ"
93441ef2181c479bbe207c8a2fc27214,"[증상 및 진단 문의], 허리 통증, 등 통증, 찌르는 듯한 통증, 설명어려운 통증","20대 남성 입니다. 허리, 등 통증이 있는데 치료 가능 할까요?",안녕하세요 20대 남성 입니다.\n최근들어 허리와 등에서 통증이 자주 발생합니다.\n허리와 등에서 바늘로 찌르는듯한 통증이 가끔 발생하며 뭐라고 설명하기 힘든 통증이\n한번씩 있습니다.\n이런 것도 통증치료를 해야 할까요?\n몇일 통증이 발생하다가 없어 지기는 하는데.....
93a763fb5c0a413897180f20451a6234,"[증상 및 진단 문의], 어깨 통증, 어깨 치료, 주사 치료, 물리 치료",어깨 치료 문의,어깨 치료 가능하죠?\n어깨 치료는 어떻게 하시는지 궁금합니다.\n주사치료랑 물리치료만 하는 건지 아니면 다른 치료를 같이 하시는지\n다른 병원에 다니고 있는데 별 차도를 못느끼고 있어서\n혹시나 하는 마음으로 글을 남김니다.
95e1708f8b2d45229f08b1999945c594,"[증상 및 진단 문의], 등 통증, 허리 통증, 반복 통증, 치료 문의",등에서 허리까지 통증이 있어요,등에서 부터 허리까지 아파서 문의 드립니다.\n병원을 여러 번 다녀 보고 옴겨도 봤는데 등에서 허리까지 통증이 반복 적으로 발생 하네요 ㅠ.ㅠ\n어떻게 치료를 해야 하는지 이 병원에서는 어떻게 치료를 하는지 알고 싶습니다.
994a789c23a4422e91c892f831ac2f9f,"[증상 및 진단 문의], 두통, 목 통증, 마사지",목 치료 문의,안녕하세요\n아래 글 중에 두통이 목 때문에 발생할수 있다고 해서 몇자 남기는데요\n저도 두통이 자주 발생하는데 답변주신 것 처럼 목 치료를 하면 나아 질까요?\n평소에 마사지를 좀 받으면 두통이 없어 질런지 궁금합니다.\n답변 기다리겠습니다.
99dd862971ff4b36a71d46ef6ce431c0,"[증상 및 진단 문의], 발목, 발목 부상, 발목 불안정, 발목 통증",발목치료 문의,발목을 자주 다치는 20대 여자 입니다.\n왜 이렇게 발목을 자주 다치는지....\n다른 사람에 비해 자주 발목을 다쳐서 고민인데요 혹시 이런 것도 치료 가능 할까요\n현재는 아프지는 않지만 또 언제 발목을 다칠지 항상 불안 합니다.\n발목을 자주 다치는 원인을 좀 알려 주세요\n이런것도 치료 가능 한지도요 ^^
9be9882aeb89412483aa453d353573ec,"[증상 및 진단 문의], 측만증, 치료 가능성, 검사",다른병원에서 측만증 이라고 하던데 치료 가능한가요?,안녕하세요\n다른병원에서 검사를 받았는데 아이가 측만증이라는 이야기를 들었는데요\n이건 치료해야 하나요?\n사진을 복사해서 왔는데 치료를 해야 하는지 어떻게 해야하는지 잘 모르겠어요
9e5abc8a207d4c188eebf15fe8eb164b,"[증상 및 진단 문의], 측만증, 치료, 대학병원, 비용
",측만증치료 받으면 나을 수있나요?,측만증 치료 받으면 나을수 있나요\n아이가 측만증이 있어서 대학병원까지 다녀왔어요\n병원마다 말하는게 달라서 치료를 해야 하는지 그냥 있어도 되는지 어떻게 해야 하나요\n치료를 해봐야 할까요.....\n비용도 천차만별이고 치료를 해도 좋아질지 의문이 듭니다.
9eca7ccf7b1c498f97188667b3400e76,"[증상 및 진단 문의], 측만증, 측만증 치료, 효과",측만증 치료 어떻게 진행 되나요?,측만증 치료 어떻게 진행 되나요\n다른 병원에서 측만증을 차료 받아 봤는데 별 효과가 없어요\n중학생 여자 아이 인데....\n병원에 가서 측만증을 치료 받아 봐도 별 효과가 없는듯 해서\n여기 병원은 어떻게 치료 하고 효과가 있는지 궁금합니다.
a194bcd54efa4310a3eef72e3eb6cef4,"[증상 및 진단 문의], 팔 저림, 혈액 순환, 팔 저림, 치료 가능성, 혈액 순환 문제",얼마전 부터 팔이 저린데 치료 가능한가요?,안녕하세요\n다름이 아니라 몇일 전부터 어머니가 팔이 저린다고 하시는데 치료 가능한가요\n어머니가 팔이 저린다고 하신지는 몇번 들었는데 별일 아니라고 생각 하다가 이것도 치료가 가능한지 궁금해서....\n어머니는 혈액 순환이 안되는거 같다라고 하시는데 맞는건지 혈액 순환이 안돼면 팔이 저릴수 있는건가요?\n치료가 필요하 한지?  필요하다면 어떻게 치료를 하는지 궁금합니다.
a2293b83b35b4e229621e2b1d0e3b1f7,"[증상 및 진단 문의], 견갑골 통증, 통증, 불편",견갑골 통증 치료 가능 한가요?,최근 들어 견갑골 통증이 너무 심한데  치료 가능 할까요?\n견갑골 이 왜 아픈지 모르겠는데 잘때도 불편하고  평소 생활하는것도 많이 불편하네요\n치료 가능 한거죠?
a40f7f54537646b5909ceb24a75027b3,"[증상 및 진단 문의], 두통, 뇌 이상
",두통때문에 너무 힘들어요,"안녕하세요\n두통때문에 너무 힘든 대학생 입니다.\n매일 두통을 달고 사는데 어떻게 해야 할까요\n약을 먹어도 그때 뿐이고 너무 약을 먹어서 그런지 이제는 타이레놀도 한알로는 어림도 없는듯 해요\n어떻해 하면 두통이 좀 나을가요\n혹시 뇌 쪽이 이상이 있는건 아니겠죠? ㅡ,.ㅡ\n두통 해결 방벙이 없을까요?"
a514fc7760c34b7c961ccd15e9981316,"[증상 및 진단 문의], 허리 통증, 디스크, 일상생활, 의자에서 일어서기 불편",허리가능 한가요?,안녕하세요\n얼마전 부터 허리 때문에 고생하고 있는 20대 남자 입니다.\n몇일 전부터 허리가 아프서 너무 힘드네요\n일상생활은 가냥 저냥 가능한데 조금만 힘을 쓰는 일이나 의자에서 일어서기가 많이 불편한데\n이정도면 치료를 해야 할까요?\n병원 가기가 무섭기도 하고  혹 이런 증상이 디스크 증상인가요?
a6309de54874401983dbf8aed7a55836,"[증상 및 진단 문의], 허리 통증, 허리, 측만증
",아이가 허리가 아프다고 해요,안녕하세요\n아이가 중학생인데 허리가 아프다고 해요\n마사지를 해도 잠시뿐이고\n계속적으로 허리 통증을 호소 하네요\n측만증 일까요 외형적으로는 아무런 이상이 없는것 같은데....
a65afd71ed76455eb24cb72d4cb7188e,"[증상 및 진단 문의], 허리 디스크, 허리 통증, 비수술적 치료, 수술
",허리 디스크 치료 가능한가요?,허리 디스크 진단을 받은 20대 남자 입니다.\n정형외과에서 허리 디스크 진단을 받고 수술을 권해 들었는데...\n수술하고 싶지가 않아서요 주위에서도 수술은 하지 말라고 말리기도 하고...\n근데 일은 해야 해서 어떻게 해야 하는지 판단이 안됨니다.\n비수술적으로 치료를 한다고 해서 문의 드립니다.\n허리 디스크 인데 수술없이 치료 가능 할까요?
a71dbbe57aa04a448868d866244ae057,"[증상 및 진단 문의], 손목 통증, 척골 통증, 힘줄 염증, 인대 염증, TFCC, MRI","손목 힘줄, 인대 염증","선생님 안녕하십니까\n제가 오른손 척골쪽에 통증이 3개월이상 지속되어 mri를 찍어보았습니다.\ntfcc 삼각 연골은 멀쩡하나 그 근처 힘줄과 인대에 염증이 생겼다고 합니다.\n이것저것 찾아보다 힐트 레이저가 소염작용에 탁월하다는 소식을 듣고 부산에서 힐트 레이저치료를 잘하는 병원을 찾다 본 병원을 찾았습니다.\n저의 경우에 내원을 하여 힐트치료나 혹은 다른 치료를 받는다면 염증제거, 통증제거가 가능할까요?\n감사합니다"
a74cda7231b5431b980d8e6b223cc309,"[예약, 진료, 비용 문의], 특수검진, 실비
",특수검진,특수검짐 검사 실비도 가능한가요?
a79fadb485734e85bb35f0dd2cc8206d,"[예약, 진료, 비용 문의], 발목, 발목 부상, 발목 치료, 도핑 검사, 주사, 주사약, 민감 반응",운동하는 학생 부모 입니다. 발목치료 가능 한가요?,안녕하세요 야구하는 학생을 둔 학부모 입니다.\n몇일전 아이가 운동을 하다가 발목을 다쳤는데 치룔르 받고 싶어서 글은 남깁니다.\n운동하는 아이 이다 보니 주사약에도 많이 민감해서요 혹시 치료를 받으면\n괜찮아 질런지 몸에 약성분이 남지는 않을지 혹시 도핑검사에 걸리는건 아닌지\n걱정이 많습니다.\n병원에서 치료를 해도 될까요?
a84aa2ee0e8a46e882827e0ea165da66,"[증상 및 진단 문의], 측만증, 치료, 치료 방법, 치료 가능성, 악화",측만증 치료 가능 한가요?,측만증 치료 가능 한가요?\n어떤 사람은 치료가 안된다고 하고 어떤 분은 치료 하면 된다고 하고\n잘모르겠어요\n치료를 안하면 어떻게 되나요?
a89ce9304e334e438d5ad482bd809b77,"[증상 및 진단 문의], 성인 측만증, 측만증, 필라테스, 한의원",성인 측만증 치료 가능 하나요?,안녕하세요\n성인 측만증 치료 가능하나요?\n부산 동래구 인근으로 알아보고 있는데 치료가 가능한지 부터 궁금합니다.\n측만증이 완전히 나을수 있는건지 아니면 계속 이렇게 있어야 하는지\n측만증 때문에 필라테스도 해보고 한의원도 다녀 보고 했는데 측만증이 그대로 인듯해서요\n혹 여기 병원에서는 어떨지 궁금합니다.\n답변 부탁드립니다.
aa7c195ff2bb4b3cb03c641e571d389d,"[증상 및 진단 문의], 발목 통증, 프롤로 치료, 힐트 치료",발목이 안좋은데 치료 가능 할까요?,안녕하세요\n발목이 아파서 여러 병원을 돌아다녀 봤는데요\n최근에 프롤러치료도 받아 보구 해도 통 낮지를 않네요\n주위에서 힐트? 치료를 받아 보라구 해서 문의 드립니다.\n힐트 치료를 받으면 통증이 없어 질까요?\n치료가능한지 문의 드립니다.
ab1e67a8395244c2915fbc7865a65d03,"[예약, 진료, 비용 문의], 어깨 치료, 초진 비용
",어깨치료 초진 비용문의,Content not found.
ac095c15b32240f898e6c1756b7b6b2f,"[증상 및 진단 문의], 허리 통증, 등 통증, 측만증",아이가 측만증이 있다고 하는데 치료 가능한가요?,아이가 계속 허리랑 등이 아프다고 해서 병원에가서 사진을 찍어 보니\n특별히 이상이 있는곳은 없구 측만증이 있는거 같다고 그것때문에 아플수 있다고 하던데\n여러 곳을 알아 보기는 했는데 여기가 특화병원 이라고 해서요\n아이가 치료 가능 할런지 치료를 하게 되면 비용이나 치료 시간  방법은 어떻게 되는지 궁금합니다.
ad1e0e8de84a4ddbb3f72b2165490d9e,"[증상 및 진단 문의], 측만증, 척추 휘어짐",청소년 측만증 문의,안녕하세요\n중학생 여자아이 엄마 입니다.\n다름이 아니라 아이가 다른 병원에서 측만증 이라는 말을 들었는데 측만증이란걸 찾아보니 척추가 휘어진걸 말하더군요\n치료 하는 병원은 많이 있던데 꼭 치료를 해야 하는건가요\n치료를 한다면 여기 병원에서는 어떻게 치료를 하는건가요?\n혹시 비용도 알수 있을까요?
aef7a59833804ffa80f15c56ef33bb59,"[치료 및 시술 문의], 사각근증후군, 치료방법, 통증주사, 운동치료, 고주파, 체외충격파, 치료비용",사각근증후군 문의드립니다~,"사각는증후근 치료방법이 궁금합니다~\n그리고 통증주사치료, 운동치료, 고주파, 체외충격파치료등 치료비용도 궁금합니다~"
af0be0a72165495cb7bc09231b3ddab7,"[생활관리 및 기타 문의], 키, 키 성장, 운동",키크는 방법 알수 있을까요?,안녕하세요\n중학교2학년 학생인데요\n제가 키가 작아서 고민 입니다.\n키 커지는 그런 운동? 같은거 알수 있을까요?
afad11c2dff04cfeb8f628e099d7ade8,"[예약, 진료, 비용 문의], 거북목, 거북목 치료",다른 병원에서 거북목 진단을 받았어요,다른 병원에서 거북목 진단을 받았는데요\n집이 이근처라 여기서 치료가 가능한지 문의 드려요\n거북목 치료는 어떻게 진행 되는지 비용은 얼마 인지 알고 싶어요?
aff13b1b76214210ae16b33f1936d219,"[증상 및 진단 문의], 족저근막염, 발바닥 통증, 아치 통증, 복사뼈 통증, 열감, 걷기 통증, 치료",발바닥 통증,한달전부터 족저근막염 증상이 있었습니다\n아치와 아치위로 안쪽 복사뼈기준으로 앞쪽라인으로\n따끔함과 뭔가 열감이 느껴지고 합니다.\n통증이 심해서 걷는게 힘듭니다.\n이런경우 어떤 치료를 해야하는지요?
b06e846527984e4fb7f12ec345a09bd3,"[예약, 진료, 비용 문의], 성장 프로그램, 성장 클리닉, 성장",성장프로그램이 있던데 어떻게 하는건요,안녕하세요 중학교 1학년 여자아이를 키우고 있는 엄마 인데요\n아이가 또래 보다 키가 작은거 같아 걱정입니다.\n여기 보니 성장클리닉? 이라고 있어서 문의글을 남기는데요\n여기서는 아이들의 성장 프로그램을 어떻게 진행하고 있는거죠\n엄마가 작아서 아이키도 많이 걱정되고 그러네요\n비용도 혹시 알수 있을까요?
b268674b131744d79c26f3505c559b28,"[증상 및 진단 문의], 측만증, 검사, 치료
",측만증 검사 및 치료 가능 여부를 알수 있을까요?,측만증 검사 및 치료를 하고 싶어요\n어떻게 하면 되나요?
b2b98412ca604e1e8b14bcffa9cbf56d,"[증상 및 진단 문의], 두통, 목 통증, 머리 이상, 검사
",평소에 머리가 자주 아픈데 치료 가능 할까요?,안녕하세요\n평소 두통이 많이 오는데요\n약을 먹으면 낫기는하는데 그래도 자주 아픈 편입니다.\n두통이 오는 원인이 있을까요?\n인터넷에 찾아봐도 잘 모르겠어요\n어디서는 목이 안좋아서 그럭다는둥 머리에 이상이 있을수도 있다고 하던데....\n어디서 검사를 받아 봐야 하는지.....
b2ebd81a03eb4659952b0b8258b6f21d,"[증상 및 진단 문의], 측만증, 허리뼈 휘어짐",측만증이 뭔가요?,안녕하세요\n중학생 여자아이를 둔 아이 엄마입니다.\n아이가 측만증 같다라고 하는데 정확히는 학교에서 하는 검사?  같은걸 받았는데\n측만증이 있는거 같다고 하던데 측만증이 뭔지...\n인터넷에 찾아보니 허리뼈가 휘어진거라고 하던데 측만증이 있으면 꼭 치료가 필요 한건가요?\n아이의 허리가 휘었다고 하니 많이 불안하기는 한데 아이에게 물으니 아픈곳도 없다고 하는데\n치료가 꼭 필요한지 치료를 안해도 될련지 궁금해서 글을 남김니다.\n답변 기다리겠습니다.
b51a9cab0f9e432c8dc0edd9c6e09d6e,"[증상 및 진단 문의], 허리 통증, 허리 삐끗, 통증과
",허리통증 문의 입니다.,몇일전 허리를 삐긋 했는데요\n몇일 지나면 괜찮을줄 알고 그냥 있었는데 계속 아프네요?\n정형외과를 가야 할지 통증의학과를 가야 할지....
b5865f5fc5f44f45a0ff77df4503ca72,"[증상 및 진단 문의], 가슴 통증, 가슴골 통증, 기침, 잔기침, 욱신거림, 가슴 앞 통증",가슴통증,안녕하세요 제가 금욜저녁에 퇴근후부터 이미지에 빨간점 위치(가슴골정중앙 평평한곳)에 통증이 있었습니다.\n그때는 기침을 하거나 하면 먼가 거슬리는 정도 그래서 그주위를 찾아 누르면 통증이 있었어요.\n그런데 점점 그 통증이 커져서 가슴앞이 전체 욱신거리는 통증이 심한 느낌이예요.\n제가 그 전에 달리 부딪히거나 무리한거도 없는데 갑자기 자고나니 아프더라구요\n그전에 조금 의심스러운 부분이 있다면 잔기침을 계속 한달가량했는데 기침할때마다 지금 통증이 있는부분이 거슬리면서 아프긴했거든요\n그 과정에 이렇게 통증이 생긴건지..\n너무 걱정이 되네요 어떤이유일까요?
b64ab4c0ffeb4d6a866363a68c7f224c,"[증상 및 진단 문의], 무릎 통증, 쑤시는 통증, 농구, 무릎치료",무릎치료도 가능한가요?,안녕하세요\n40대 남자 입니다.\n최근들어 오른쪽 무릎이 계속아픈데 치료가능할까요?\n최근 운동을 심하게 한것도 없구 몸무게가 늘어 난것도 아닌데\n쑤시듯이 아프네요\n예전에 농구를 좀 하기는 했는데 최근 몇년간 운동을 한적은 없는데\n최근들어 계속 아프네요\n병원에 가서 치료를 받으면 나을런지....\n그냥 쉬어 주면 좋아 질런지...
b7319a7bdfb44f02b9155aa27c7f8daf,"[증상 및 진단 문의], 측만증, 소아 측만증, 외형적 변화 없음, 통증 없음",소아 측만증,소아 측만증이 궁금해서 그러는데요\n저희 아이가 측만증이 있다고 하는데 치료가 필요 할까요\n외형적으로는 아무 표도 안나고 아이가 아프다고 하지도 않는데\n치료가 필요 한지 궁금합니다.
ba30e76af07c464a8a0e7e3b0481f039,"[증상 및 진단 문의], 천장관절증후군, 진단, 치료
",천장관절증후군 질문요,저의 증상이 천장관절증후군 같으데요..\n정확한 진단및 치료가 가능한가요..\n가능하면 어떻게 진단하면 치료하는지요..
bad1362b31004136a15de4fe32992e86,"[증상 및 진단 문의], 특발성, 기능성, 척추 측만증, 슈로스, 통원 치료",추가 질문,첨부한 xray 사진으로는 특발성인지 기능성인지 알 수 없는가요?\n온누리병원에 슈로스 등 측만증 전문 치료사가 계신가요?\n통원시 어떤 방법으로 치료 진행하게 될지 알려주세요
be58cf62be824f22854bd06e290aed69,"[증상 및 진단 문의], 측만증, 치료 가능, 치료 방법, 비용",아이가 측만증이 있다고 하는데 치료 가능할까요?,아이가 대학병원에서 측만증이 있다고 진단 받았는데\n대학병원에서는 뚜렷한 치료 방법이 없다고 하는데\n여기 병원에서는 치료 가능한가요?\n치료를 한다면 어떤 치료를 하는지 궁금합니다.\n혹시 비용도 알수 있을까요?
bfacddf7f24245f2a65399f08ca88e5c,"[증상 및 진단 문의], 날개쭉지 통증, 통증, 신경, 불면증, 마사지, 안마의자",날개 쭉지가 아파요 ㅠ.ㅠ,"안녕하세요\n최근들어 흔히들 말하는 날개쭉지 부위가 아프서 문의 드립니다.\n친구들이 날개 나는거 아니냐고 놀리는데  ㅡ,.ㅡ\n전 아파서 힘들어요\n못 움직은 정도는 아는데 계속 신경이 쓰이고 아프고 잠도 못자겠고 좀 도와주세요\n왜 이런건지 모르겠어요\n아픈 곳을 마사지도 해보고 안마의자에도 앉아보고 했는데 영~~~~ 나아지지 않아요\n치료 가능하겠죠  ^^"
bfc32be3adb3464aacc4662b3829e91b,"[증상 및 진단 문의], 다리 통증, 저림, 근육 경련, 다리, 검사",어머니 다리가 아프다고 하시는데 치료 가능한가요?,안녕하세요\n어머니 다리가 많이 아프다고 하시는데\n증상은 저림... 죄가 자주 나신다고....  항상 다리쪽이 힘들다고 하시는데\n여기 통증에서 치료가 가능할까요\n아님 큰 병원 가서 검사를 받아봐야 하는지\n큰병원에 간다면 어디로 가야 하는지 궁금합니다.
c1df112d1bd14c27abd3714e213ba8a4,"[증상 및 진단 문의], 측만증, 치료, 비용
",측만증 치료 받고 싶은데 어떻게 하면 되나요?,안녕하세요\n측만증 치료를 받고 싶은데 어떻게 해야 하나요?\n측만증 진단은 받았는데 치료랑 비용이 궁금해요
c40a4f99c7584baaa6a01ffdd4367ad8,"[생활관리 및 기타 문의], 허리 통증, 도수치료",허리 도수치료 가능한가요?,현재 다른 병원에서 허리가 안파서 치료를 받고 있는데요\n도수치료도 함께 받고 있습니다.\n거리가 멀어서 집 근처 가까운 곳에서 치료를 받고 싶은데\n혹시 여기서도 도수치료 하시는가요?
c4b51a35957b455b80f992acda0c5f28,"[치료 및 시술 문의], 힐트테라피, 고강도레이저, 예약",힐트테라피 치료 가능한가요?,병원에 힐트테라피(고강도레이져) 치료 가능한가요?\n가능 하다면 예약을 따로 해야 하나요?
c56b8bd20cdc435fbd01f748e4b2cd81,"[예약, 진료, 비용 문의], 측만증, 통증, 검진 프로그램",특수 검진 프로그램이란게 뭔가요?,안녕하세요 홈페이지에 나와 있는 검진프로그램 보고 연락 드렸는데요\n어떤 목적? 어떤 검진을 하는지 자세히 모르겠어요\n아이가 측만증? 은 아닌듯 한데 생활하는데 간혹 통증을 호소 하기도 하고\n여기 저기 아파다고 하기도 하고....\n저도 계속 적인 통증은 없는데 간혹 아프다 말고 하는게 있는데 이런경우 검진을 받아 봐야 하는지요?\n비용은 얼마 인지도 궁금 합니다.\n자세한 설명 부탁 드립니다.
c753431eb3224db689104dcec504533c,"[증상 및 진단 문의], 측만증, 치료, 아픈 곳 없음",측만증 치료를 안하면 어떻게 돼요?,"측만증 이라고 하는데 꼭 치료를 해야 하나요?\n측만증이라고 말씀해 주신 병원에서는 꼭 해야 한다고 하던데\n치료를 꼭 해야 하는지 궁금합니다.\n해야 한다면 왜 치료를 해야 해요? 현재로는 아픈곳도 없는데 왜 해야 하는지 모르겠네요 ㅡ,.ㅡ"
c7bfaebe2bef4a639c5c10aa5673a6c7,"[증상 및 진단 문의], 어깨 통증, 어깨 통증 치료, 스테로이드, 어깨 통증 치료, 휴식",어깨 통증 치료 가능 하나요?,어깨통증때문에 고생하고 있는 40대 남자 입니다.\n정형외과에서는 수술할 정도는 아니라고 하는데  치료를 받아도 썩 나아지는것 없이 계속 아프네요\n주위에서 스테로이드를 계속맞으면 안좋다고 하는데 일도 해야 하고 계속 아프고 어떻게 해야 할지 모르겟네요\n쉬어주면 괜찮다고 하는데 일을 쉴수도 없고 방법이 없을까요?
cb70c58460a842eaad3eec6ea8dd5327,"[치료 및 시술 문의], 무릎 통증
",무릎 통증 치료 문의,Content not found.
cbd5d888fbdb4be7ab888a19c5de3f2e,"[증상 및 진단 문의], 대상포진, 통증, 피부 발진",대상포진 치료 가능 한가요?,어머님이 대상포진인거 같은데 혹시 치료 가능한가요?\n인터넷으로 검색해보니 어머니에게 나타나는 증상이 대상포진 증상과 비슷한거 같은데\n통증도 많이 있으신거 같구요\n피부에 뭐가 나기도 해서요\n대상포진도 치료 가능한가요?
d2fbc1aeb447403a8af2eee8815203f8,"[예약, 진료, 비용 문의], 진료 시간, 토요일 근무",토요일 몇시 까지 진료 하시나요?,토요일 몇시 까지 진료 가능한가요?\n얼마전 몸이 너무 아파서 고생했는데 동래에 있는 병원중에 토요일 근무시간이 조금 길던데\n몇시까지 가야 진료 하능한가요?
d46da78e5b104e07adfff71646b55bef,"[예약, 진료, 비용 문의], 허리 통증, 허리 치료, 허리 운동",허리가 아픈데 치료 가능할까요?,최근 들어 허리가 아픈데 치료 가능 하죠?  ^^\n허리치료는 어떻게 하나요?\n비용도 긍금한데 알려 주실수 있나요?\n혹시 허리가 아프지 않기 위해서 해야 하는 운동 같은게 있으면 알려 줄수 있나요?
d4956aa1824d4d4d9bd7b75983a44f48,"[증상 및 진단 문의], 팔꿈치 통증, 골프, 팔꿈치 치료 주사",팔꿈치 통증 치료 가능 한가요?,팔꿈치 통증때문에 문의 합니다.\n요즘 다시 골프를 치기 시작했는데 팔꿈치가 아프네요  예전에는 괜찮았는데\n한 2년 정도 쉬다가 다시 칠려고 하나 팔꿈치가 아픔니다.\n주위에 물어 보니 팔꿈치 치료 주사 한방이면 치료 가능 하다고 하던데\n진짜 주사 맞아도 되는건가요?\n주위 분들이 맞아도 된다 안단되 말들이 많아서\n주사 한대면 괜찮아 질까요?
d5b7209da690478abbedb671d5f886cb,"[증상 및 진단 문의], 어깨 통증, 등 통증, 날개쭉지 통증, 바늘 찌르는 듯 통증","어깨 쭉지, 등(날깨 쭉지) 아파요 어떻게 해야 해요","등(날깨 쭉지)이 자주 아프고요 어깨가 자주 많이 아파요\n이거 왜 그런건가요?\n너무 자주 아파고 많이 아파요\n누가 뒤에서 바늘로 찌르는것 같기도 하고.....\nㅡ,.ㅡ"
d74bfa362b55411a92fcb4409fc6b62b,"[증상 및 진단 문의], 팔꿈치 통증, 골프, 오른쪽 팔꿈치, 팔꿈치 통증 치료, 치료 기간",팔꿈치 통증 치료 가능 할까요?,안녕하세요\n최근에 골프를 시작한 사람입니다.\n친구들과 스크린 골프를 몇번 다녀 왔는데 그 이후로 오른쪽 팔꿈치가 아파서요\n심한건 아니듯 한데 신경이 쓰이는 정도인데 치료를 받는게 좋을까요?\n치료 한다면 치료 기간은 얼마나 걸릴까요?
d939fc708df644e1bcea035370ae73c6,"[예약, 진료, 비용 문의], 물리치료, 물리치료 기계, 비용",물리치료만 가능 한가요?,물리치료만 가능한가요?\n가능하다면 어떤 물리치료 기계가 있나요?\n혹시 비용도 알수 있을까요?
d97f6a696ce24371830548a64ffc64c1,"[생활관리 및 기타 문의], 예상 키, 운동, 성장, 키",아이 키가 얼마나 클까요? 알수 있나요?,안녕하세요\n중학생 남자 아이를 키우고 있는 엄마에요\n저희 아이가 또래 보다 키가 좀 작은데 예상 키를 알수 있을까요?\n예상 키 보다 좀더 클수도 있는건지 궁금합니다.\n키가 클려면 어떤 운동을 하는게 좋은지 알려 주실수 있을까요?
da3eefcb86484eca930e793760dfdcc7,"[증상 및 진단 문의], 측만증",측만증 그냥 내버려 두면 어떻게 돼나요?,측만증 그냥 내벼려 두면 어떻게 되나요?\n아시는 분중에 측만증이 있는데 그냥 있어두 된다는 분이 있어서요?
db5dcb05aa474ec1bb119a967812c5c6,"[증상 및 진단 문의], 측만증, 특발성, 기능성, 콥스 각도, 교정치료",측만증 원인,1. 측만이 있는데 특발성인지 기능성인지 알 수 있는 방법이 있나요? (31세 남성인데 측만이 있다는 것을 28세쯤 알게 되었습니다)\n2. 특발성은 치료불가능하고 기능성은 후천적 요인이라 교정치료로 개선가능하다고 알고있습니다. 맞나요?\n우선병원 방문하기전에 여쭤봅니다.\n사진 첨부할게요(콥스 각도도 알고 싶습니다)
dc448486695341b1bb8378f189d89d68,"[생활관리 및 기타 문의], 성장, 키, 성장 주사
",중학생 키(성장) 문의 드려요,"중학생 남자 아이를 키우고 있는 엄마 입니다.\n아이가 또래에 비해 키가 좀 작은데 혹시 여기 병원에서도 치료 하시나요?\n엄마, 아빠가 그렇게 크지 않아서 아이의 키가 걱정입니다.\n또래 보다 컷으면 하는게 부모 마음인지라  현재 아이의 키가 작다보니 걱정입니다.\n혹 아이의 키를 좀 키울수 있는 방법이 있나요?\n성장 주사 같은것도 놓아 주시는지 궁금합니다.\n빠른 답변 부탁 드립니다."
de306717939d496bbb45d1f7f4634eb8,"[증상 및 진단 문의], 발가락 통증, 걸을 때 통증, 통증의원, 한의원, 정형외과",발가락이 아픈데 여기서 치료 가능 할까요?,걸어 다닐때 발가락이 아픈데요\n치료 가능 할까요?\n어느 병원에 가야 할지 모르겠네요\n한의원에 가야 하는지 정형외과? 아님 여기 통증의원으로 가야 하는지 모르겠어요?
e250458314e845fc99a4e89d9bb9e396,"[예약, 진료, 비용 문의], 통증 치료, 통증의학과",통증 치료는 안하는가요?,통증 치료는 안하나요\n통증의학과 로 나오는데.....????????????
e3362732fb12407eaae85b44390c05a6,"[증상 및 진단 문의], 다리 저림, 다리 뭉침, 바늘 찌르는 듯한 통증, 한의원 치료",어머니가 다리가 저리기도하고 뭉치기도 하십니다.,안녕하세요\n60대 어머니 입니다.\n최근들어 다리가 져린감이 많이 들고 가끔 뭉치기도 하며 바늘로 찌르는듯한 느낌도 든다고 합니다.\n한의원을 다니시는데 차도가 없어서 문의 드립니다.\n이런증상도 치료 가능할까요?
e5a4c4f64710457aa57e36a0e9811c1a,"[증상 및 진단 문의], 발바닥 통증, 족저근막염, 아침 불편감, 보행 시 통증",발바닦이 아픈데 치료 해야 하나요?,안녕하세요\n요즘 발바닦이 아픈데 이거 치료 해야 하는건가요?\n아침에 일어나면 조금 불편하다가 조금 지나면 괜찮아 지기는 한데\n어떤때는 조금 걷다가 아프기도 하고 좀 그래요 ^^\n이것두 치료를 해야 할까요?\n증상을 찾아 보내 족저근막염? 이런건지\n족저근막염은 치료 안해도 낳아진다고 하기도 하던데\n가끔 불편해서요\n답변 부탁 드립니다.
e6009f5358704a0bb690cf3fc02ca371,"[예약, 진료, 비용 문의], 성장프로그램, 성장, 차이점",성장프로그램 자세한 설명 부탁 드려도 될까요?,안녕하세요\n다름이 아니라 성장프로그램이라고 있던데\n자세한 설명을 부탁드리고자 글을 남김니다.\n어떤 프로그램으로 어떤방식으로 성장프로그램을 진행하는지 알고싶습니다.\n자세한 설명이면 좋겠으나 너무 간략한 내용이나마 설명 부탁 드립니다.\n다른 병원과는 어떤 차이점이 있는지 알고 싶기도 하구요\n부탁 드립니다.\n참고로 저희 아이는 초등학교 5학년으로 내년에 6학년으로 가는데 또래 보다 작은것 같아 걱정이 많은 부모입니다.\n자세한 설명이 있으면 병원을 선택하는데 도움될것같아 글을 남깁니다.\n답변 기다리겠습니다.
e6b71c0ef3c84a4a9f68cd689e402579,"[예약, 진료, 비용 문의], 일자목, 치료, 비용",일자목 치료 가능한가요?,혹시 일자목 치료 가능한가요?\n치료 가능하다면 어떤 치료를 하시는 궁금합니다.\n치료 비용도 알수 있으면 좋을듯 한데 가능할까요?
e7a8e910afc140e7921c1772af0585fa,"[증상 및 진단 문의], 허리 통증, 잦은 허리 통증, 불편함, MRI, 주사 치료, 물리치료",허리가 아픈데 치료 가능 할까요?,30대 남성입니다.\n허리가 자주 아픈 편인데 다른 병원에서 MRI 등의 검사를 해보았습니다.\n그쪽 병원에서는 수술할 정도는 아니다 라고 하시면서\n간단한 주사 치료와 물리치료만을 시행 하였습니다.\n하지만 저는 허리가 자주 아프고 불편함을 계속 느낌니다.\n혹시 이런 증상도 치료가 가능 할까요?
e81a38292c3747deb5d0f7daba75f4c1,"[예약, 진료, 비용 문의], 진료 가능
",김영환 원장님 언제부터 진료 하세요?,안녕하세요\n김영환 원장님 께서 병원이 옴기신다고 해서요\n원장님 언제부터 그병원서 진료 가능해요?
ea34be1954144b7a96f9c9537c8c85ed,"[증상 및 진단 문의], 측만증, 왼쪽 어깨, 내력, 등 통증, 20대",측만증 문의 입니다.,안녕하세요 측만증 문의좀 드릴려구 하는데요\n거울을 보면 왼쪽 어깨가 내력 간듯 하구요\n가끔 등 쪽으로 통증이 발생 하기도 합니다.\n증상을 찾아 보니 측만증도 의심 할수 있다고 해서요\n혹시 저같은 증상이 측만증일 수도 있을까요?\n참고로 20대 초반 여자 입니다.
ed7a0498af474a72b3192fb4902b7db8,"[증상 및 진단 문의], 측만증, 치료",측만증 치료....,측만증 치료 자신 하시나요?\n다른 병원에서 치료를 받아 보았지만 그때 뿐이더군요\n이 병원은 치료를 자신 하시나요?
f12e9c9ed17f452e9685d31c03740857,"[증상 및 진단 문의], 측만증, 측만증 진단",측만증 치료 받고 싶은데요,저~~ 측만증 치료를 받고 싶은데요\n이번에 수능 마치고 대학 준비중인데요\n측만증치료 가능 할까요?\n중학교때 측만증 진단을 받았는데 치료를 안하고 있었구요\n고등학교때는 공부하느라고.... ㅋㅋㅋ\n참고로 여자입니다.
f1e3d17010814ba0bf39dfe3ecce27cb,"[증상 및 진단 문의], 발목 통증, 발목 부상, 찜질, 냉찜질
",운동을 하다가 발목을 다쳤는데요...,"운동을 하다가 발목을 다쳤는데요\n온찜질을 해야 할지, 냉찜질을 해야 할지....\n사람들 마다 이야기 하는게 다 틀려서...."
f443874bcdf146698c77e65bad056fdf,"[증상 및 진단 문의], 측만증, 측만증 치료",측만증 치료 가능한가요? 가능하다면 어떤치료를 하시는지요?,측만증 치료 여부가 궁금합니다.\n측만증을 가지고 있어서 여러 병원을 다녀 봐도 특별히 나아지는 경우가 없어서요\n여기서는 측만증 치료를 어떤식으로 하는지 궁금합니다.\n비용도 혹시 알려 주실수 있나요?
f482a9c0c4ef4e72be503e378754136e,"[증상 및 진단 문의], 통증
",통증,Content not found.
f4e6ef26b86546ed8ae08abe89153616,"[증상 및 진단 문의], 측만증, 목 통증, 등 통증, 날개쭉지 통증, 반복 통증",측만증이 있는 20대 여성입니다.,"안녕하세요\n다른병원에서 측만증 진단을 받은 20 여성입니다.\n측만증이 있다는것은 고등학교를 다닐때 알았는데 아무런 증상이 없어서 그냥 있었는데....\n최근들어 목, 등쪽에 통증이 있습니다.\n특히 흔히들 날개쭉지 라고 하는..... (정확한 용어는 몰라서) 곳이 많이 아프네요\n눌러도 보고 참아도 보고 하는데 계속적으로 반복되서 통증이 나타 납니다.\n혹시 이것도 측만증 때문에 오는 통증인지 아님 다른 원인이 있느것인지...\n궁금합니다."
f57a8643b9e5495f9391326b9f75f767,"[증상 및 진단 문의], 측만증, 소아 측만증, 검진, 아픈 곳 없음, 외형적 이상",소아 측만증 치료 해야 할까요?,안녕하세요\n저 초등학교 6학년 남학생 부모입니다.\n최근 아이가 학교에서 검진을 받았는데 측만증이 있다고 하네요\n여기 저기 찾아 보니 치료를 해야 하는건지 아니면 그냥 두어도 될런지 판단하기 너무 어려워서\n이렇게 글을 남김니다.\n아이는 특별히 아픈곳은 없다고 하는데 외형적으로 이상도 보이지 않는것 같구요\n아프지 않는데 치료를 꼭 해야할까요\n아이 학원때문에 시간이 될런지 그것두 궁금하구요\n혹 치료를 한다면 시간은 얼마나 걸린지\n빠른 답변 부탁드립니다.
f756090ec068453bb432258c78a4272f,"[예약, 진료, 비용 문의], 진료, 대한통증의원",김영환 원장님 진료 하고 있신가요?,김영환 원장님 예전 대한통증의원에서 진료하시던 원장님 맞으신가요?\n예전에 진료 받아 본 적있는데 병원을 옴기셨다고 하셔서...
f98901bcd31d48fd90d9985c24884854,"[치료 및 시술 문의], 외측상과염, 수술, 고강도 레이저, 가격, 실비청구",치료문의 드립니다.,1년전쯤 외측상과염으로 수술을 했습니다.\n직업상 팔을 많이 써서 통증이 심한데 고강도 레이저 치료를 받아보고 싶은데 따로 예약을 해야 하는지요?\n고강도 레이저만 받을수 있는지도 궁금하고 가격도 궁금합니다. 실비청구도 가능한지요?
f9b3efb2dfda45aa841f2a93d60d6d45,"[증상 및 진단 문의], 측만증, 자세 이상, 측만증 치료, 치료 과정, 통증",초등학생 측만증 문의 입니다.,안녕하세요\n다름이 아니라 초등학교 6학년 여자 아이를 키우고 있는 엄마 입니다.\n저희 아이가 자세가 이상해서 다른곳에서 검사를 받아봤는데  측만증 이라고 하더군요\n그 병원에서는 치료를 해야한다고 하는데 거리도 멀고 여러사정으로 집근처를 알아 보다 연락 드립니다.\n현재 아이는 아픔 곳은 없다고 하는데 측만증 치료를 꼭 해야 하는거죠?\n치료를 하게 된다면 어떤 치료를 해야 하는지 치료 과정중에 혹 아픈 치료가 있는지 궁금합니다.\n빠른 답변 부탁 드립니다.
fa89f1b0210846a8b364aabf34e52c43,"[증상 및 진단 문의], 다리 통증, 다리쪽 통증",다리가 많이 아프다고 하시네요,안녕하세요\n다름이 아니라 저희 어머님이 평소에 다리가 많이 아파다고 하시는데 어떤 치료가 필요 할까요\n나이가 많으신것도 아닌데 그렇다고 무릎이 아프다고 하시는것도 아니구요\n그냥 다리가 많이 아프다고만 하십니다.\n평소 운동도 많이 하시지 않는데 자주 다리쪽이 아프다고 하시니 걱정이 됩니다.\n이런것도 치료가 가능할까요\n매일 아프다고 하시는건 아닌데...\n답변 부탁 드립니다.
fb71a228e05b49c6b8f69c41c9cde2ac,"[증상 및 진단 문의], 다리 통증, 성장통",아이가 다리가 아프다고하는데 병원에 가야 할까요?,안녕하세요\n초등학생을 키우고 있는 아이 엄마 입니다.\n요즘 아이가 다리가 자주 아프다고 하는데 병원에 가야할지\n주위에서는 성장통이다.\n그러다 괜찮아진다.\n병원에 가봐라 가는게 좋다 등등...\n결정을 못하겠는데 병원에 가보는게 좋을까요?
fbb88d32672944878c17ee197704908b,"[생활관리 및 기타 문의], 성장, 성장 클리닉, 성장 예측",또래 보다 키가 작아 걱정입니다.,초등학교 5학년 남아 아이를 키우고 있는 엄마 입니다.\n아이가 또래 아이들 보다 키가 작아 고민입니다.\n성장 크리닉도 진행 하고 있던데\n어떤 치료를 하는지 궁금합니다.\n아이의 키가 얼마까지 클지 알수도 있다고 하던데\n어떻게 알수 있을까요?
fce812ec4de94924bebb7cf34952de20,"[증상 및 진단 문의] 어깨 높이 차이, 측만증, 통증",아이 어깨 높이가 다른거 같은데 이런것도 측만증 때문 인가요?,안녕하세요\n초등학생 여자 아이 엄마 입니다.\n얼마전에 무심코 아이를 보는데 아이 어깨 높이가 다른것 같더라구요\n아이가 잘못 서있는 건가 하고 보니 양 발로 서있는데 어깨 높이가 다른것이 신경 쓰여서\n이야기 했더니 자기는 바로 서 있는 거라고 하는데\n제가 보기에 어깨 높이가 차이가 나더군요\n여기 저기 찾아 보니 측만증 때문 일수 있을것 같아 문의 드립니다.\n혹 측만증 때문 이라면 치료를 하는게 맞는건지\n아니면 아이에게 계속 바로 어깨 높이 맞추라고 하는게 맞는건지....\n답변 부탁드립니다.
fcf6fa45b97d4b7890a67aa43091821e,"[증상 및 진단 문의], 날개쭉지 통증, 쑤시는 통증, 묵직한 통증","날개쭉지 부분이 많이 아프요 ㅡ,.ㅡ",안녕하세요 30대 후반 여성 입니다.\n몇 달 전부터 날개쭉지 쪽이 너무 아픈데 이건 왜이런걸까요?\n아파다가 말겠지 했는데  계속 아프네요\n바늘로 쑤시듯이 아플때도 있고 묵직하게 아플때도 있고 하는데\n이부분이 왜 아픈지 모르겠어요\n특별히 이부분만 사용 한다던지 운동을 한다던지 하지도 않는데....\n이런 곳도 치료가 가능한가요?
fd6e444a312e4e24b064782674a007b3,"[예약, 진료, 비용 문의], 특수검진, 검진 프로그램, 실비 적용, 검진 비용",특수검진 프로그램이 실비가 되나요?,안녕하세요\n초등학교 5학년 자녀를 둔 부모입니다.\n홈페이지에 보니 특수검진 이란것을 하시던데 혹시 이 검진 프로그램이 실비가 되는건가요?\n실비 적용이 된다면 검진 비용은 얼마 인가요?
